X,Y,u_1,d_u_x
-5358561.879190494,-3446078.2908817427,-133327232.85598315,14.975155094686455
-5731634.326009241,-4285373.06654982,-120204552.085345,12.67295004230101
-4814446.058807039,-4172619.09917948,-133358809.02876572,13.426117304574475
-5067295.309627312,-5059023.757434649,-120170140.24968624,11.155487178996916
-4172602.84869511,-4814460.142846906,-133358846.52227087,11.610458069974376
-4296386.097164125,-5726980.486791603,-120159784.23118736,9.43059140077036
-3446060.667615409,-5358573.212629836,-133327319.8475098,9.56794658490223
-5793906.131279374,-2649583.503481875,-133274029.14871956,16.22224309666484
-6276949.549947667,-3425309.906853663,-120226555.20640996,13.94352929993242
-3435130.3204546613,-6274320.747548755,-120189342.86985756,7.531409945538724
-2649566.876974833,-5793913.734638947,-133274025.50697029,7.341137908130638
-6688080.664250274,-2496550.9912693263,-120323996.66593504,14.944055340128443
-6111642.695164017,-1799295.5751205264,-133215989.93163487,17.137562477970217
-2503613.3600811083,-6695230.578462668,-120178548.91089416,5.48352257918166
-1799289.6346175023,-6111644.444072153,-133215893.13231865,4.974797081617332
-6970268.82570779,-1522052.8264801968,-120309915.04681148,15.621857220053904
-6305528.574424519,-911016.1343883468,-133171338.42133597,17.699261390367948
-911015.3001611124,-6305528.694952736,-133171146.4533254,2.5103218130935794
-1522029.456932622,-6978523.841007709,-120181060.28532729,3.333141451009127
-7117735.327776819,-514661.4180118383,-120231424.86358824,15.959742657009912
-6371000.0,0.0,-133153550.59939618,17.87980637299419
-512052.55045635765,-7118868.797344114,-120216227.854629,1.1231019714631834
0.0,-6371000.0,-133153592.04852894,0.0005031117460709167
-6305528.694952736,911015.3001611124,-133171211.9807486,17.698568817608145
-7125173.840930748,506888.8546095149,-120121517.47723693,15.945498223976315
505437.5464353872,-7119402.286732383,-120215251.13203964,-1.1080734613072254
911016.1343883468,-6305528.574424519,-133171295.23549908,-2.5105486435933617
-6111644.444072153,1799289.6346175023,-133215980.88736103,17.13735857220048
-6981562.984346005,1515135.780903532,-120156651.27695058,15.605360162671074
1514084.5368065191,-6971536.289521712,-120316660.8348264,-3.3232898184901907
1799295.5751205264,-6111642.695164017,-133215863.30995657,-4.974959720978618
-5793913.734638947,2649566.876974833,-133273953.12118185,16.222239096394194
-6694879.565753646,2489959.0392853874,-120258579.6352806,14.94295432245656
2490742.5668466776,-6682990.335395086,-120431860.83068384,-5.479867487267666
2649583.503481875,-5793906.131279374,-133273899.843261,-7.340921833462843
-5358573.212629836,3446060.667615409,-133327299.71439911,14.976102777634518
-6270612.306706234,3414013.3807941675,-120399868.14254355,13.974133183060806
3414253.9118045885,-6259027.865200348,-120559804.0834508,-7.535591250209012
3446078.2908817427,-5358561.879190494,-133327323.14073034,-9.568223035235311
-4814460.142846906,4172602.84869511,-133358731.20388292,13.427055596691789
-5718745.094214789,4270348.595125058,-120509556.72354902,12.715796349513468
4267175.294426996,-5713582.613463847,-120605071.07727668,-9.44220228462993
4172619.09917948,-4814446.058807039,-133358820.6244396,-11.61072883810319
-5047889.717529129,5041111.22377537,-120586522.58247982,11.198211724819666
-4172619.09917948,4814446.058807039,-133358667.2725991,11.61118715414418
5035595.414320621,-5051251.1562786335,-120610629.76692855,-11.174285534793048
4814460.142846906,-4172602.84869511,-133358827.75553416,-13.426532277285425
-4277019.337455075,5711569.9130379325,-120537657.12595804,9.453431312237754
-3446078.2908817427,5358561.879190494,-133327141.88670884,9.56842842499806
5704889.818025769,-4285599.992753122,-120541364.25646232,-12.690522103967284
5358573.212629836,-3446060.667615409,-133327250.81391253,-14.975818098087396
-3416814.075581645,6258210.743606163,-120551930.45024262,7.540990532879653
-2649583.503481875,5793906.131279374,-133274063.830865,7.341748758037336
-2492813.621672907,6678286.530705228,-120490867.76588044,5.490899365145669
-1799295.5751205264,6111642.695164017,-133215964.75937784,4.9750802431775165
6258401.542579126,-3428593.211131223,-120460437.25862923,-13.96056578816828
5793913.734638947,-2649566.876974833,-133273973.98404454,-16.22280056879328
-1519627.6998428437,6965871.3590841815,-120386682.510584,3.3395077769691377
-911016.1343883468,6305528.574424519,-133171145.03704078,2.5105905850922423
6683199.40944352,-2500402.5101850745,-120375748.27633174,-14.947174225766656
6111644.444072153,-1799289.6346175023,-133215854.03508656,-17.137979035864348
6967928.417355624,-1520472.4384113587,-120351585.59806629,-15.6284197367666
6305528.694952736,-911015.3001611124,-133171161.67538948,-17.69930384627064
-509104.3185681528,7123802.197643272,-120140979.43068445,1.1149176930991018
0.0,6371000.0,-133153527.38343748,2.3541663737169925e-05
7115002.072066898,-512818.7452788388,-120277015.46777482,-15.966549973719792
6371000.0,0.0,-133153509.09275208,-17.880161418926413
510900.4788977494,7111025.047136736,-120342682.31198962,-1.122377282997022
911018.5165065468,6305528.230258129,-133171188.78408036,-2.510882775937864
1521738.401470404,6959735.317457614,-120475442.7789767,-3.3502169271343867
1799295.8336729074,6111642.619045008,-133215880.67784928,-4.97566095329617
7118994.097288393,508966.0949746239,-120217693.3719293,-15.959253546088902
6305528.855354328,911014.1899520196,-133171131.67389204,-17.699300269214003
6965603.792878488,1520353.5488010969,-120388379.50507356,-15.633861289887731
6111646.609212777,1799282.2802712126,-133215908.9357076,-17.138346545921525
2494601.107771161,6672376.050958741,-120569544.62564982,-5.502389488311387
2649575.6932653696,5793909.702925765,-133273844.35488544,-7.341408460923996
3417238.6550259776,6245646.410541658,-120724449.19118656,-7.56510876742984
3446071.436871155,5358566.286982067,-133327207.70382042,-9.568960758782062
6666285.233908668,2490666.430654501,-120682299.05814292,-14.991528472401022
5793915.610979584,2649562.773901964,-133274055.7182004,-16.22392579438689
4269564.099881682,5692580.095298101,-120849710.12319392,-9.490244396965174
4172615.0812296816,4814449.541110033,-133358777.6591338,-11.611895941091872
6238739.296038054,3409528.871138425,-120879411.98354964,-14.022195375695944
5358573.990842377,3446059.4575061537,-133327185.05843636,-14.976869558045868
5693825.41942814,4261598.745287943,-120909294.74896744,-12.75120338223558
4814458.921626527,4172604.257771248,-133358719.87695116,-13.427640604199174
5033372.529814062,5027120.10867619,-120905952.53304754,-11.230311572364462
-17815116.776977062,-17742559.61323579,-949666.1400062864,0.7317322794311362
-19113000.0,-17101105.263157904,0.0,1.0741186294944411
-19113000.0,-19113000.0,0.0,-4.302382206888833e-06
-17101105.263157748,-19113000.0,0.0,-3.9583874245889085e-05
-17653118.368155755,-16054240.75298891,-2383965.5392744155,1.6333769495168873
-19113000.0,-15089210.5263158,0.0,2.147094700940862
-16095360.253571792,-17331452.050032146,-2870335.5730831595,0.9509081232347248
-15089210.52631565,-19113000.0,0.0,-0.000121102690195866
-17550129.908195507,-14095275.8824138,-4182855.342782266,2.678647120264129
-19113000.0,-13077315.7894737,0.0,3.21314104598198
-16039235.986269137,-15126417.803977344,-6544723.238769031,2.132051598286487
-14619960.702796057,-16031892.843574602,-7393444.292916122,1.6444871811701454
-14032155.248794353,-17501378.576365907,-4367473.439845038,0.8555510434368344
-13077315.789473556,-19113000.0,0.0,-0.00020568333132553465
-15881378.181286205,-13132113.44000966,-10315912.798533978,3.206781689507149
-17501046.91346195,-12092356.981717387,-6015315.483870705,3.738662465703283
-19113000.0,-11065421.052631604,0.0,4.257372654318911
-14075809.349490728,-14191794.407194473,-13258981.64212085,2.641137273841918
-12949300.989932925,-15915162.663290557,-10517498.78815919,1.694230469826639
-12033521.26041841,-17509652.44538009,-6032296.152878914,0.835042603764809
-11065421.05263146,-19113000.0,0.0,-0.0003819088137624327
-14280161.871982632,-12136810.44719984,-18035305.12789983,3.7760183107356657
-15881042.85305541,-11098002.088539649,-13768725.228844477,4.298101886779949
-17495610.27563359,-10073563.177148256,-7703507.259010293,4.777770743705397
-19113000.0,-9053526.315789502,0.0,5.251983294130011
-6098351.280466468,-5274399.600062122,-106790835.79545043,10.574445163283013
-12774510.177653853,-12731867.641306276,-21699764.088611346,3.457674328754996
-5292681.915511086,-6092546.830348396,-106685727.12534548,9.112166034406393
-6447087.274054903,-6437917.051606595,-93099477.87360103,8.679040935011626
-11961842.542714626,-14169945.1595681,-18912629.62589384,2.631660299982576
-11011551.42593187,-15865024.046452556,-13982686.784877742,1.677561427528808
-10040728.82621689,-17493567.694395635,-7739697.970471044,0.8052728429727619
-9053526.315789364,-19113000.0,0.0,-0.0005675266099653223
-12627236.106190324,-11043463.35372006,-28137193.982110497,4.446568042284417
-14253051.639906555,-10078341.35420283,-23398537.689533982,4.927463681061962
-15872024.168227743,-9074003.930796497,-17112067.60939078,5.355613922590198
-17493828.390836634,-8057892.494026143,-9269754.96055699,5.751092065618647
-19113000.0,-7041631.578947405,0.0,6.15463715161379
-7282918.536272777,-5455264.866692888,-93174050.50608338,9.912711874920229
-7778041.4308137745,-6745230.064448647,-79475782.38912816,8.17766454884536
-6767508.6249095695,-4352786.312206791,-106939598.27740444,11.843019079363616
-10938090.157969913,-12275778.368481174,-30092605.826692488,3.704346339157689
-10721385.3221415,-9991703.997551445,-41575834.2976234,5.173550543908049
-9371825.402872412,-11147558.371279843,-42084954.42579772,4.356472643944595
-8874204.273266409,-9803277.517070284,-52271904.44835902,5.29999280807018
-9619053.587607466,-8589137.56421389,-54930219.843175314,6.253066120295854
-8192509.588408921,-8247247.671210648,-66163061.00124977,6.599036300993635
-6763558.8998758,-7800957.210490139,-79161024.28475039,6.966582295033696
-5462777.712166459,-7259052.095627991,-93355627.36656682,7.337634715637795
-4364484.124544476,-6763012.728227541,-106904860.71800543,7.517894295057521
-10033338.95146542,-14170935.405259795,-23918130.051315937,2.5512723264756696
-9034430.610862872,-15865017.470049342,-17212030.636013832,1.578362186170045
-8034661.436053487,-17494653.149455827,-9282019.500900688,0.7320862849634618
-7041631.578947272,-19113000.0,0.0,-0.0006592763818765354
-9444422.577836918,-6961049.045127628,-64951850.14375426,7.651875957723988
-11018491.852572933,-8030505.301013794,-48684964.74394024,6.521323901508996
-12600795.874511035,-9052207.507081054,-35148280.00424718,5.658819966763802
-14257048.96547218,-8065560.797879864,-28258270.19623648,6.033843687345496
-15871108.534999052,-7060503.451776356,-20126588.834766496,6.334323742728969
-17498227.366159413,-6044126.509698839,-10607207.95338932,6.608445932941194
-19113000.0,-5029736.842105305,0.0,6.910465393305756
-8537751.708433332,-5568944.541563985,-80387204.259884,9.278554415566251
-7911061.852763439,-4339341.093510183,-93945103.01141591,11.0393733055486
-7300426.398975642,-3338791.957812418,-107069879.96916188,12.893955199987444
-8983214.374451056,-12644596.889753569,-35132490.24738028,3.3567551157354365
-7879610.830151886,-11220646.385250678,-47994600.97897038,4.137791651235034
-6971209.566068217,-9525510.72596092,-64279216.658149965,5.286961959228634
-5556817.126555692,-8534300.546227794,-80489768.50761265,5.819816361770467
-4349523.70090536,-7916786.424038273,-93822414.7599174,5.866547458128882
-3350405.0010651667,-7308389.785010222,-106900504.90690328,5.75843963340867
-8039263.637235808,-14270661.068759546,-28237018.79292779,2.311260114393218
-7042666.835920592,-15895912.953888496,-19994179.3900428,1.3830809503856054
-6028148.695902919,-17506870.935407035,-10559850.81447962,0.6097838387615201
-5029736.842105176,-19113000.0,0.0,-0.0007084725897762804
-9858680.127754971,-5421327.920841307,-69159542.23746438,8.862622741736024
-11105980.15265306,-6125213.705626621,-55836601.39665327,7.865066320694066
-12674450.577769294,-7064667.086269788,-41116622.04147568,6.85549333897698
-14266680.928903377,-6063441.534824517,-32531600.95254898,7.053731305149623
-15894654.072146498,-5044557.649107986,-22503569.78059724,7.172712945541335
-17504182.684604455,-4030033.175446232,-11640901.659995684,7.288479163248136
-19113000.0,-3017842.105263209,0.0,7.45953185337676
-9246358.495327177,-4245573.58001173,-80243857.15428142,10.206053061459956
-8471709.650174305,-3161851.490100158,-93465147.46814908,11.847703124333748
-7680016.593357361,-2262848.743453302,-107226501.18498965,13.683039237789936
-7051993.504420022,-12735046.362921191,-40739936.76714153,3.009366647896199
-6112081.445188146,-11182353.634301694,-55286353.73571844,3.756144353755903
-5419684.637353555,-9889792.258721069,-68891378.46950026,4.477461896844135
-4239222.89956784,-9283813.53638004,-79889591.35641189,4.360189913730987
-3167931.4589726776,-8480174.55817163,-93339316.61277787,4.22273066195144
-2263347.472331274,-7704081.383350406,-106895666.70740812,3.8863571037797455
-6074304.138327856,-14312047.773564704,-32190689.661336955,1.964762796803738
-5045192.497140623,-15926227.326094532,-22276540.51955933,1.091407690632766
-4031131.205516394,-17522922.779753253,-11503901.335524486,0.4404621663621495
-3017842.1052630832,-19113000.0,0.0,-0.0007452192145779671
-10969038.289182872,-4227749.420283034,-63635823.93133546,9.191829763600389
-12676361.546448372,-5091429.779965842,-46626523.525153615,7.966452606209863
-14326846.974390753,-4045794.3188323,-35571172.17509583,7.895596781367648
-15900877.943821928,-3023446.904069672,-24308634.965611905,7.797080432779329
-17506018.111957934,-2019319.7683743837,-12318374.143695297,7.72832257078309
-19113000.0,-1005947.3684211076,0.0,7.749544607901576
-9734771.453844216,-2875568.6909606457,-80133917.73138596,10.893967535698543
-8740525.534279488,-1911361.8321632987,-94465641.22771156,12.5377157030242
-7909088.486756663,-1146483.3628944117,-107326383.4776237,14.174012666352178
-1137471.2515895031,-7933912.118288469,-106992733.0417424,1.956215275719772
-5118512.916797831,-12729450.051472403,-46136858.13302571,2.490079297225408
-4231477.216337365,-10993676.0214839,-63398048.104809776,3.0933927547847087
-2852329.4760813243,-9828802.65215876,-79181216.61582665,2.889979411272728
-1895440.3717787496,-8826882.917453064,-93428380.19602324,2.5298832870762835
-4074265.490646517,-14351267.856890164,-35337169.67425402,1.4473423715455498
-3036199.023463489,-15950006.665740866,-23916867.495476156,0.7043289279219028
-2029668.0692230733,-17528431.751277067,-12142752.26429957,0.2337053433000787
-1005947.3684209884,-19113000.0,0.0,-0.0005970640179970843
-17508197.867213234,-7087.251035685122,-12541746.63195474,7.881558345462163
-19113000.0,1005947.3684209884,0.0,7.749493099911923
-11172659.510554928,-2216108.1141839614,-66583569.7519379,10.086309132437632
-12705391.515483793,-3009238.9997248477,-50748322.86006621,8.892519783934503
-14274819.297213634,-1991019.8534771767,-38309646.96294167,8.494981099982235
-15898875.336468212,-1009728.9917850768,-25303034.185285836,8.13175869953337
-9886365.604373196,-1422482.0716402945,-81711881.12566517,11.475502356077117
-8939164.793782353,-656275.2729019297,-94135723.3699907,12.80703708574309
-8006309.838121898,-11836.56037669578,-107076785.0968505,14.306897052591053
524.521155795966,-8002175.002570681,-107135942.59005426,-0.0012814162247349
-609292.9754630167,-8963189.316146944,-93868022.3088653,0.8195880354004492
-3166955.5441899635,-12802308.801218651,-49630429.90396176,1.6735275289937348
-2240026.129636489,-11338150.586019704,-64884359.84787041,1.6848651722340893
-1339878.780194821,-10050118.293444237,-79963398.39420418,1.3764340563483113
-2081478.95251033,-14377055.51861404,-37374227.24014872,0.7862080850175838
-1044372.9189374372,-15936097.4217823,-24991874.64310821,0.2538535359863638
-19216.62357670162,-17520185.186858807,-12447275.492697176,0.0020991964939563
1005947.3684211076,-19113000.0,0.0,-0.0002536647977207096
-17509287.993392903,1999729.2656763736,-12297578.41358414,7.730638592526827
-19113000.0,3017842.1052630832,0.0,7.45943747144797
-10884694.439831236,-802607.8995351302,-71322157.77000573,10.687885913055172
-15905035.001989009,1003983.5077760578,-25254155.136202063,8.13032425057443
-12495627.296325536,-911321.9433101404,-55032528.59408247,9.524788376899116
-14281542.20243828,30329.64785426168,-39029655.08694663,8.691520193185715
-10021771.156364216,-66098.96246240595,-81219922.31550552,11.578656802644277
-8968450.957236217,598215.1929038547,-93809931.65246467,12.778841845015608
-7938795.055878379,1122323.8499163557,-106953276.29775836,14.135956835853476
1130785.5531553328,-7923211.090943288,-107157457.94289996,-1.9511496210652504
653761.8574116305,-8942018.743921563,-94101390.32453722,-0.884435658054859
75996.04441413148,-10012550.67939691,-81325903.5121694,-0.0798514015965156
-1105666.3416769088,-12905334.181708498,-51073406.41747687,0.6082745958364292
-509286.6537144964,-11322611.11189808,-66871921.15371028,0.3962893288669402
-61414.39614766659,-14317318.18434374,-38718911.17029229,0.0255086086084048
967934.5026271387,-15901322.146782504,-25293349.202934694,-0.2380778293212636
1988840.5407595967,-17507161.29698967,-12316649.251764908,-0.2326777221507612
3017842.105263209,-19113000.0,0.0,0.00016688254844510195
-17505463.902033955,3998113.13680257,-11645700.254596995,7.297224714001778
-19113000.0,5029736.842105176,0.0,6.910490240358264
-17493573.803524036,6014457.92488641,-10656211.047717994,6.620133945045346
-19113000.0,7041631.578947272,0.0,6.154603868019923
-15908333.670497784,2988088.9478142555,-24275370.401753586,7.803733770331985
-11348774.095283449,535520.5342945654,-66590363.52489859,10.347055157888532
-14323351.971582994,2024385.0807319768,-37872557.2872323,8.472697074880159
-12791544.31105029,1065680.0871899305,-52155506.5605079,9.336613935904548
-10064746.448694171,1328179.001593006,-79813928.44598399,11.326243330619766
-8836739.755219847,1867856.0695531024,-93375199.32628033,12.44449282353756
-7708713.557838444,2238009.8315076022,-106930518.59409624,13.665614805820423
2249386.250571268,-7684257.09174522,-107221005.04155648,-3.885475248840612
4004586.406387785,-17494576.469669566,-11722246.509213118,-0.4463583903424792
5029736.842105305,-19113000.0,0.0,0.0005520761448491266
1904422.639879387,-8777954.765492454,-94015696.78275344,-2.571692400594405
1416564.1660667118,-9915635.116414277,-81385476.8290246,-1.4991851990721965
847636.1606557997,-10877854.185390914,-71363433.14942954,-0.7319058525882838
915663.4348815512,-12495450.626181671,-55031465.83712912,-0.5511392066911708
1960695.7069085203,-14258394.194900468,-38472368.56155777,-0.766053863161134
2982378.3099940284,-15883417.949441284,-24473881.12805177,-0.7093522761939645
6021488.731806934,-17491075.849095065,-10668399.06282957,-0.6157221563014105
7041631.578947405,-19113000.0,0.0,0.0006988547251290574
-17488418.24333515,8027674.744215112,-9323094.677284194,5.76506529377095
-19113000.0,9053526.315789364,0.0,5.251933558534726
-17498802.083797757,10027652.62629735,-7725117.909818441,4.8005599232339655
-19113000.0,11065421.05263146,0.0,4.257332684089171
-15884551.36817384,4991140.463483331,-22634811.14304978,7.193807508740456
-15860002.439214228,7010300.822679949,-20267117.93024108,6.358446935303846
-14292790.364413423,4010405.3699190263,-35891366.850866646,7.9184884662693875
-11337934.067108646,2201289.147406424,-64950835.17078974,9.976547094344978
-12752735.318058517,3091181.711266075,-50193911.24389599,8.840681032367476
-9847144.162552409,2804437.082918484,-79119583.84950386,10.841776684613862
-8492439.61525709,3115821.7007107995,-93412592.96837027,11.86969049717159
-7309892.812640908,3306838.9142201287,-107130937.88199198,12.927884305252844
3318003.466288776,-7277537.071698277,-107485295.74868928,-5.763371987104551
3149615.0238420726,-8450689.140735822,-93766258.642654,-4.231565150155517
5001731.972146095,-15874678.180603229,-22694147.01321285,-1.1036653425236855
2826521.3291859,-9750967.200861815,-80102304.56012966,-2.9154818197813506
2191046.9648534223,-11132465.123422002,-67032673.38157789,-1.726371510700221
2981479.8722398765,-12678613.29784896,-51032002.095507056,-1.6363109174246675
3995086.7258567545,-14265082.34775081,-36133252.21431807,-1.456319833288264
8039616.234843746,-17494113.30183582,-9281520.610821338,-0.7327382606316514
9053526.315789502,-19113000.0,0.0,0.0006323589834617375
7018673.737102104,-15864294.447381657,-20228181.803150658,-1.3952494815065295
10054833.35202093,-17512815.287283614,-7636239.780254907,-0.7960284304545985
11065421.052631604,-19113000.0,0.0,0.0004378790852466175
-17502442.78100336,12004181.262974394,-6084057.371041246,3.784675887807724
-19113000.0,13077315.789473556,0.0,3.2130952960340142
-17524042.12397887,13913983.9867328,-4405630.640578925,2.775099883786797
-19113000.0,15089210.52631565,0.0,2.147112826538093
-15875184.891173365,9016646.66118461,-17185404.08532959,5.38418982563551
-15906449.548425918,10997219.677999672,-13826503.572577482,4.35071621415536
-14242285.367224596,6019480.164747392,-32791178.077739995,7.080140904315879
-14220532.52483568,8023625.093869602,-28576694.77045673,6.06006989134806
-12652395.133546865,5059213.158735335,-46898715.89737183,7.992113909518939
-11017061.480907133,4151893.630344837,-63426783.67263039,9.214002897195549
-9330764.912771132,4156439.915801039,-79766637.41939335,10.22917659088009
-7931334.413778622,4270075.79090396,-94124312.7142817,11.109933738621596
-6761590.634062475,4313106.303807363,-107307302.62292616,11.91426194405909
4314129.048629397,-6727747.275370531,-107702711.846995,-7.539815167509935
4289893.996038653,-7860510.721742663,-94796019.23777172,-5.892011433078746
4181059.546084128,-9227476.918227108,-80719511.0575154,-4.370724926987075
6009089.649392422,-14249991.635853406,-32757319.053235717,-1.9809291807654623
4116524.1616725232,-11001163.61166014,-63681130.1092149,-3.028470382542443
5039061.0856419485,-12648198.292394042,-46982856.21605364,-2.507219845975152
9039854.013898611,-15888557.565684916,-17077082.334146976,-1.567354462585557
8024222.19880001,-14257518.33108649,-28351214.137649037,-2.316768099740682
12070943.745621933,-17513495.11220836,-5986626.382602654,-0.8334665966607525
13077315.7894737,-19113000.0,0.0,0.0002557832891090979
11066602.893662028,-15913797.960029189,-13679907.179709328,-1.6539201956479628
14077282.00539476,-17559514.63839371,-4172561.6365127177,-0.8247943838050862
15089210.5263158,-19113000.0,0.0,9.776256966986808e-05
-17303025.168249752,16063113.971380956,-2947297.4516358823,1.6289351192475263
-19113000.0,17101105.263157748,0.0,1.0740718488511798
-17734300.6733594,17805943.224114895,-962141.0797762736,0.6979023092631709
-19113000.0,19113000.0,0.0,-4.27314447681848e-06
-15868228.45551782,12912083.320088273,-10736589.278559746,3.325457120699813
-15993854.679868037,14510224.720250338,-7667553.399672824,2.463485118912645
-14290157.31848224,10006634.535128634,-23394027.596866146,4.964943837053519
-14334164.854621714,11999115.761275496,-18181500.89533535,3.85169191954521
-12543695.971404588,7046053.532068366,-42072471.439332575,6.894634840475881
-12606529.799955878,8982462.652786776,-35352235.617354125,5.697416486127056
-11053021.162999704,6036691.287032901,-56592979.21496028,7.942298236506911
-9813964.84685349,5359573.576889869,-69836083.469613,8.934911187775587
-8560345.150577411,5459836.817289514,-80807558.90424739,9.384909745604151
-7302539.7992668515,5375166.811742534,-93561489.73287724,10.014156549681376
-6076113.378523193,5233362.897734965,-107400970.09295036,10.65524251950535
5224852.631096828,-6052661.745655651,-107728430.40857606,-9.168468834192408
5381039.809340483,-7201511.278299585,-94531779.05295812,-7.386203491176702
5521118.448782045,-8483410.03954917,-81172473.98322791,-5.860964384762812
5379393.686893778,-9815406.474653492,-69733788.22424632,-4.5219780083922885
7047933.590316664,-12642285.51294496,-41388316.5052238,-3.063286978162593
6107876.418019633,-11069143.536042074,-56192705.46797388,-3.8358495060333024
10030550.28491951,-14291439.213857628,-23328239.42400458,-2.484929798737387
9034555.147815635,-12649967.128931489,-34929388.09246265,-3.3577063745936084
13077581.329679674,-15915735.099481516,-10298233.794895232,-1.6957757105878866
12055995.873928595,-14331298.416679632,-18047856.4941568,-2.544529656228846
15076966.977327012,-16080354.353397708,-6537144.723594748,-1.619557492383924
16071684.568007858,-17621507.47849232,-2421714.104822902,-0.7959907253736841
17101105.263157904,-19113000.0,0.0,1.5544746930107323e-05
17747388.923175473,-17801964.830266017,-955910.0252738752,-0.7000259194881154
19113000.0,-19113000.0,0.0,4.254186763696932e-06
-15123520.993864654,15918359.27634374,-6807414.379641115,1.706623179657534
-16041372.935389344,17639496.88603576,-2416336.6871031425,0.7863520748408845
-17101105.263157904,19113000.0,0.0,-1.4080891977297227e-05
-14166087.265731225,14016344.134082764,-13486382.780201389,2.737571430434231
-12686811.626678605,11012536.62710508,-27979030.13840932,4.463582233430702
-12857871.894909756,12633169.009503432,-21745628.523297094,3.514288355278569
-11192600.134376904,9957623.284996646,-39289841.16537327,5.180394201559468
-10738577.35345978,7997757.558567966,-50663647.96983671,6.590156481408575
-9539203.594265878,6586128.219148602,-66189044.38040829,7.959572125345306
-9741645.31711938,9385546.432795452,-49903872.59696335,5.626744123581583
-5262959.640117412,6045208.089788517,-107458121.12081252,9.192106060953774
-7981664.790737808,6606523.073312487,-78750147.1918676,8.302780937856133
-6504190.427921606,6368095.987406911,-93202734.45432083,8.78199522697459
6034897.821801793,-5253756.447675858,-107652288.37211694,-10.629635270135946
6339947.819753554,-6346568.891461904,-94834717.2803314,-8.814157068082663
6607658.658881837,-7683978.587775631,-81220471.55843143,-7.079760749589412
6991198.930706015,-9328575.902005889,-65676526.39098118,-5.470236620158898
8073147.052886863,-10979231.422593923,-48755427.042126894,-4.33929650219357
10962071.581412164,-12707495.880734058,-28060853.835700262,-3.4459560342801443
10078049.9413459,-11062020.129158478,-39431828.01322266,-4.449502485872985
12685715.601090925,-12830305.684077546,-21663818.366720933,-3.4017862344410994
14117697.274126649,-14095950.460366204,-13405370.440605806,-2.69381127330173
15980238.377509303,-14596628.830005208,-7556666.94120458,-2.4170763768918837
17338154.784711584,-16061211.409680024,-2891883.312589552,-1.629955117698913
19113000.0,-17101105.263157748,0.0,-1.0740792332033438
-13144754.15802732,15777482.289862514,-10626774.43009161,1.7710188973581176
-14119086.14203154,17470891.227515947,-4374365.818745702,0.8720772055314244
-15089210.5263158,19113000.0,0.0,-0.0001238750990696739
-12050422.915943917,14091673.102591231,-18978993.45584094,2.677734794654059
-11042134.30768948,12241079.89477726,-29861822.75352592,3.728324010847371
-9586720.085640574,10937377.860302364,-42289876.70117068,4.5128898529737445
-8626414.995465357,8207558.068130484,-63548710.06071733,6.633672171326935
-8565487.531315604,9814383.24664308,-53835873.48229283,5.269736312875405
-4340703.057577273,6732731.888144596,-107443026.54079844,7.551711457663504
-5462725.221730095,7200339.553448029,-93938073.7439576,7.421762573515409
-6844496.173972022,7690897.404326359,-79483925.33024852,7.107302644102468
6726212.455174682,-4345091.466749333,-107487391.2537046,-11.887313182957248
7186591.500473194,-5410294.319166079,-94465018.63349354,-10.01364466755824
7697279.677225482,-6609984.144974481,-81092761.8286265,-8.348513913692809
7911732.783379505,-7902683.221057037,-70401629.92875226,-6.932978418814751
9179441.405671176,-9123551.987003189,-54588961.63549721,-5.8443236479449
10994789.14205156,-9634828.34581302,-41762096.650596105,-5.405370410999491
12222826.560527708,-11054119.75261234,-29898544.962743603,-4.453441613774489
14118619.934890917,-11975711.359612525,-19074761.547938857,-3.869335967488272
15828762.824460106,-12941619.479309298,-10816460.002467426,-3.309890753488027
17477462.30279727,-13970733.149344416,-4485670.098836348,-2.745129035277175
19113000.0,-15089210.52631565,0.0,-2.1470770270533444
-11083257.330876878,15787008.553950133,-14198409.926708728,1.7216614549477514
-12091273.489698865,17456757.741693977,-6181842.101537128,0.8633180618307735
-13077315.7894737,19113000.0,0.0,-0.000337025994939566
-10082744.888060736,14117315.380310675,-24056486.573727097,2.5845947581650366
-9037163.815620044,12513256.23359174,-35696073.642853744,3.4425095410984965
-7835489.363434571,10997129.24306598,-49663610.16129404,4.290430789010087
-6985233.335641606,9409934.891890915,-65085846.332623295,5.395122390081456
-3327317.8520087465,7276756.143468632,-107441651.67424466,5.776409720547133
-4339480.830262695,7894927.769513497,-94122823.6817492,5.887146302214251
-5560930.865217991,8512035.944467325,-80673222.33904423,5.847364800552818
-2246721.621533422,7663397.168727741,-107516985.83477975,3.901790742186435
7284504.716540774,-3341467.821286561,-107259911.93362504,-12.909005514013309
7893143.719796559,-4341744.9651275445,-94129126.97042328,-11.050351674615351
8506906.578203522,-5549823.008605317,-80785251.56231762,-9.313717130284584
9289634.939911691,-6964428.416942115,-66121886.92474847,-7.682287388972463
10917720.280025093,-7993289.409440213,-49504676.79597989,-6.565891843852991
12521104.28803578,-9019675.931756416,-35711575.578629255,-5.684820310928363
14094119.122380655,-10058679.327589396,-24233452.422853444,-4.949411806586323
15801896.719809758,-11015343.231719906,-14250534.00101298,-4.344478573688467
17466816.27255294,-12019549.911354186,-6205736.591829219,-3.776992709785585
19113000.0,-13077315.789473556,0.0,-3.2130578716394385
-9063624.90464406,15817606.502826495,-17420204.187506136,1.6044403446315163
-10066723.628886376,17461216.306415897,-7873444.887547404,0.8220132728953091
-11065421.052631604,19113000.0,0.0,-0.0005483108022881211
-8059859.627431943,14192786.441975169,-28659653.571657967,2.355514022278688
-7071091.255484159,12615513.8774062,-41501222.03751312,3.084066328127529
-6106484.997924971,11061033.156746296,-56261739.82416905,3.8385964458602486
-5420601.659263048,9807025.13432977,-69620987.17707616,4.548271233837212
-3128053.602609923,8432604.826893479,-94072459.6904852,4.231000665467436
-4226910.334237503,9208230.405580606,-80716383.7443254,4.422440955012566
-1871428.0753117632,8730853.854789885,-94690270.51370262,2.56022684598738
-1138903.8121683202,7917162.071130047,-107227141.19580647,1.9664742494190035
7683342.548565391,-2261160.9387705177,-107187633.05429652,-13.68014104282192
7911855.616686772,-1135987.5750978414,-107307641.93241283,-14.17513598130241
8465053.71544543,-3162955.7630875576,-93539620.8518784,-11.853041842945515
9262178.685033076,-4238108.3809205545,-80114841.09584963,-10.203363355833703
9791894.269162957,-5420638.773685627,-69755913.2991887,-8.89279278714523
11022469.5857141,-6151028.373828939,-56394010.59228098,-7.874058816942071
12583136.575298376,-7076317.610785581,-41707149.19096694,-6.867206630413242
14188207.73766956,-8070389.275602223,-28662529.91006753,-6.03982938212519
15832934.306270808,-9052924.86605455,-17355038.317183133,-5.3689661138726
17466242.658398014,-10042232.885146312,-7869468.302208804,-4.794060237848822
19113000.0,-11065421.05263146,0.0,-4.257223776481203
-7048576.391962532,15849838.49881325,-20278082.128366355,1.404803229743499
-8046773.146805567,17478573.416776504,-9365717.553222122,0.739893601388189
-9053526.315789502,19113000.0,0.0,-0.0007010388595730296
-6055956.508820129,14243188.15890267,-32712266.67769399,1.9934794025437843
-5087518.111506126,12631743.248746432,-46992137.45827159,2.531512102379358
-4238976.262220316,10904852.545038484,-64191400.62034391,3.154548087443044
-2847302.0200092243,9691312.66029885,-80692076.71379815,2.9754659597175643
-1405153.8583160285,9875790.127748769,-81859307.48380406,1.5008702758179144
-643725.6793832631,8913408.914599298,-94477233.19001631,0.8760958320447424
134.73542143618545,7999631.897510108,-107172354.51759876,0.0006359968079744741
7994879.137191265,2406.806615999293,-107240401.79834498,-14.327917661832542
8787774.829306047,-1904433.187364288,-93892722.84789044,-12.483416849914358
8923679.464310486,-618882.8997381239,-94366089.13091196,-12.83633930173368
9787986.152780306,-2882307.611464875,-79536170.31829642,-10.84417473397225
10929857.662711157,-4251522.269418471,-63921708.14665932,-9.198030986143758
12621796.07249727,-5139822.137761001,-46938528.67378602,-7.959294509795002
14228040.383072516,-6084083.690351126,-32762948.058553312,-7.051779419465919
15844659.850561412,-7059336.994008767,-20295757.71034865,-6.337783479942812
17474669.07122276,-8048148.536959116,-9387163.13336031,-5.756273559010651
19113000.0,-9053526.315789364,0.0,-5.251791861829575
-5035839.29807895,15874829.404176744,-22655446.63955034,1.1091280941131958
-6034207.164132003,17485068.80242034,-10700291.761175685,0.6186591302774329
-7041631.578947405,19113000.0,0.0,-0.0007978609803700465
-4032608.7728045774,14295913.687891584,-35834576.82892957,1.456411309614764
-3019990.885706451,12669958.204627242,-51045737.411884375,1.657454052767779
-2205248.375649936,11100336.569988407,-67333673.81139384,1.7494430196671933
-801108.1804713503,10836045.528325826,-71844365.52962825,0.6982520260194125
1139380.8081926657,7907403.821736489,-107364208.3241771,-1.9719381434381544
-62110.81907063413,9982783.238490328,-81672415.17103268,0.0649792116824052
610380.4637562925,8935574.445736237,-94220765.19247776,-0.826505910568136
2255963.8208170533,7666284.896048916,-107441424.24328037,-3.911738206186804
7904516.966822988,1138986.4291042294,-107406111.0816179,-14.186122245505867
7652132.003628002,2244952.3020151225,-107678726.28483915,-13.743017002199435
8908842.80561071,638080.7844881566,-94540638.93821344,-12.852403378214596
10006427.553953744,-1372587.7653337491,-80413543.74236767,-11.371972057349396
9957773.683889031,37353.260635358696,-81964665.99533938,-11.64677655059657
11274112.261679951,-2299293.9645790807,-65420797.48421841,-9.98561982738988
12700054.957825867,-3175952.0558393244,-50515268.19845882,-8.834282076369467
14267217.270361597,-4100028.82634256,-35961798.25678303,-7.893222780128501
15865181.364570951,-5060039.61489061,-22697600.793665677,-7.171575393100397
17482598.362935577,-6043197.029715937,-10711032.945037384,-6.609707152597985
19113000.0,-7041631.578947272,0.0,-6.154427328405319
-3018219.828179012,15881564.10329994,-24462968.223843783,0.7178927908817694
-4025467.1225754414,17493403.17373268,-11721502.44556968,0.4484438919899001
-5029736.842105305,19113000.0,0.0,-0.0007829866478810862
-1984001.2897107303,14248757.544732437,-38536582.41625298,0.7781210253992251
-916245.1201812624,12445488.426654875,-55507799.97060978,0.5610219324167569
520765.2781967968,11304232.902111636,-67058110.88718434,-0.4058502752284209
1888840.5410551145,8792752.142155224,-93870582.74035028,-2.541331798264371
1339763.1963224362,10017466.659925971,-80334302.77105738,-1.386510222386449
3319426.499954866,7267025.104007828,-107613339.78135882,-5.779183130810825
3132202.510535917,8432294.913540352,-94058818.44985873,-4.230721638892785
4319771.40117279,6712217.18316574,-107845570.39157772,-7.568984423096684
7242688.705222435,3305106.675588352,-108011896.18513753,-13.008412272768927
5226126.472989868,6021866.895704148,-108045642.77678424,-9.22354005522863
6695916.462606764,4301102.932156113,-108181706.55858988,-11.983499907227763
6022005.975468823,5213317.940866758,-108162102.391396,-10.70612568899345
8738963.327112596,1892722.0802465207,-94533873.85711156,-12.551430743916349
8394733.995822826,3121878.647696032,-94551118.3160838,-11.96550863033534
9876237.831465311,1392170.2047343056,-81873660.34820683,-11.496925192065916
11310760.630898597,-551048.0690944204,-66977642.11645431,-10.374375294583318
10836978.167661048,769403.0601013063,-71856033.49825418,-10.733644724024185
12847964.267261645,-1127561.990043974,-51592228.37890241,-9.29795403834158
14306818.601718253,-2088812.118971244,-37961758.05022899,-8.467040603704021
15881931.137708768,-3051846.4942684807,-24435773.45156406,-7.794368433167844
17489438.924502235,-4023997.6873027873,-11751017.871855712,-7.291402523141758
19113000.0,-5029736.842105176,0.0,-6.910308248364767
-1003886.1292062117,15869930.37756007,-25539847.57851206,0.2501473431318222
-2016932.482960503,17492966.363594964,-12419782.373075243,0.2378464759432295
-3017842.105263209,19113000.0,0.0,-0.0006589677550620602
32532.05853776054,14241488.231929988,-39377745.63324223,-0.0129548953867672
1043335.5535350742,12717600.0048686,-52860581.94579696,-0.5983074666074822
2242660.9485648344,11287053.018653678,-65388800.27690197,-1.706087867199317
2835493.145765112,9802407.74854834,-79516417.78771852,-2.8913255414906858
4297736.196250102,7877566.7330027,-94560534.9076721,-5.875893759855454
4161390.456439359,9224424.90356887,-80837099.00697742,-4.359650408295244
5386045.170033304,7185778.423010364,-94652905.15492772,-7.407541169368699
7810798.645076144,4259730.466031114,-95529737.63767111,-11.212948098347953
6317417.072739743,6320038.260654995,-95268142.20873097,-8.851603880813354
7167440.734406981,5357334.894024085,-95050767.91940294,-10.093686363285698
9165802.683510914,4146736.893576656,-81506317.79771768,-10.348926150117771
9701425.876162978,2822305.2895909566,-80655841.62238838,-10.957070025266177
11113443.128355514,2193156.7533435347,-67221696.5822934,-10.13878040226295
12458674.262524197,878083.5576444725,-55402733.98873084,-9.551084174571905
14266433.241078192,-77964.97904764266,-39160267.80082854,-8.697940248910177
15886494.618711991,-1048105.1563716648,-25393781.84780888,-8.131147614414795
17496671.724569753,-2020851.214920336,-12390146.692920266,-7.728841719409096
19113000.0,-3017842.1052630832,0.0,-7.459244335401593
1014461.1100447264,15873431.27111948,-25508582.928720023,-0.2516161378818511
-300.5381634928053,17491975.032498978,-12669588.961317703,0.00011208535982820678
-1005947.3684211076,19113000.0,0.0,-0.00027961666329190393
2041734.9661758984,14276136.811853616,-38259157.46725544,-0.7922385785524947
3108273.5598702645,12694199.554731715,-50682949.50619953,-1.6878245878997635
4233109.192745312,11000623.884913623,-63329256.27985478,-3.090641089413757
5484765.59255288,8519900.008523576,-81043297.852508,-5.80511383213324
5386682.471241745,9832616.243658056,-69547063.38705997,-4.511280812733965
6557412.361389527,7702163.455590917,-81423027.13229068,-7.048701287412597
8452971.405862179,5545041.799807407,-81316209.97982807,-9.33897769267101
7644379.607785216,6613369.392745635,-81510608.97468184,-8.351110805044515
9749709.962286737,5360618.151279248,-70406075.48499137,-8.96314021848078
10919374.00809852,4187167.05933339,-64219722.63203632,-9.243250090681707
12607268.837946244,2988474.3167008283,-51657191.29399943,-8.947886970842724
14227351.974715792,1951672.6864490255,-38743632.87468258,-8.520590725878018
15871295.72153729,966933.147007529,-25537856.22566744,-8.142071088860895
17495213.847034294,-16894.845088594087,-12644028.732395658,-7.882860010734585
19113000.0,-1005947.3684209884,0.0,-7.749199479537251
3010654.891792672,15871145.704711111,-24549515.791548196,-0.7179010806389307
2006185.0210272167,17489965.436114024,-12445433.77439684,-0.236969959239342
1005947.3684209884,19113000.0,0.0,0.00016245635625544708
4041152.623274891,14258956.103760794,-36114245.82595705,-1.4713274720336358
5092023.033272409,12643539.18432795,-46886698.508092105,-2.5262901061024743
6106447.508600303,11061384.3083022,-56259488.97995398,-3.838490619219824
6955601.95381335,9360646.463373257,-65624950.37055749,-5.433820748885977
7891988.031432409,7931710.744252447,-70336716.60681856,-6.905283934758391
9315989.630023433,7001322.619099679,-65717134.94384844,-7.642727471489448
11021997.718819773,6119715.456151117,-56519201.246713646,-7.895903809297529
12605230.778756255,5067580.89544984,-47254651.207259856,-8.003645030966293
14237335.979978526,4006959.172845752,-36335900.28096611,-7.93589388712022
15862062.063240703,2993075.409246066,-24633119.05193517,-7.812516675801383
17490393.482536625,1999529.050114684,-12443810.877117706,-7.73282846936947
19113000.0,1005947.3684211076,0.0,-7.749313272897498
5012357.718309764,15856415.116998538,-22813689.339786712,-1.1118934705255858
4011532.787211945,17487351.673977487,-11771824.58799196,-0.448903319552407
3017842.1052630832,19113000.0,0.0,0.0004337750891902914
6033020.736327241,14233767.065000148,-32824591.975037307,-1.9933737475150464
7030295.966410026,12612383.555794774,-41648138.22646894,-3.0766014102488257
7940972.434118981,10918496.517745532,-49727928.89902369,-4.360582724704815
9096001.9298892,9140410.414273974,-54977635.60836344,-5.830749639831843
10958491.817747118,8078565.661703325,-48866836.15482188,-6.498946119668681
12614155.932186283,7068079.9477594895,-41519692.12209424,-6.865733532085873
14234905.645217603,6039535.243629939,-32803542.825297438,-7.071538354707985
15860214.618940037,5019329.776256788,-22778658.30165885,-7.187286392119378
17487004.456961665,4014817.857822874,-11772922.046603523,-7.294136014502541
19113000.0,3017842.105263209,0.0,-7.459302668811848
7027393.372014451,15843136.619408734,-20350400.41944201,-1.4055787092301812
6025494.780887243,17479796.02244941,-10740568.193198455,-0.6201790000145798
5029736.842105176,19113000.0,0.0,0.0006351182831876301
8037103.513123092,14208310.40742299,-28619278.8040337,-2.344591789269354
8972659.261548651,12609026.902043214,-35370928.64484257,-3.3770377960510687
9611539.21233498,11017566.342680372,-41742798.05661748,-4.459318179567274
11075121.72164314,10081962.733736092,-39347607.50518956,-5.100338487035176
12627683.973920887,9059902.799199596,-34970183.25112537,-5.649700658210371
14237945.350561202,8044786.793900002,-28421908.22303089,-6.047056461866934
15858915.711411145,7035616.838889716,-20238659.285750102,-6.346938719926853
17486100.27919448,6030637.379404745,-10695672.499023477,-6.614292082578089
19113000.0,5029736.842105305,0.0,-6.910271376654687
9030463.05527068,15815369.522299113,-17485379.636759568,-1.603118092444041
8032133.106567743,17468589.003305748,-9434085.884943934,-0.7437883908561466
7041631.578947272,19113000.0,0.0,0.000695246826033428
10048418.345882423,14085739.84814086,-24301601.85520855,-2.5999733070384807
11045385.975230208,12238402.912778908,-29861698.66973381,-3.730375709049972
12624008.66854414,11041310.180912256,-28159010.649684727,-4.448813630749218
14257090.801645525,10045576.189643327,-23460695.88747567,-4.945653256782631
15865995.933093105,9048376.974146498,-17184810.03154469,-5.368897551678789
17486460.860533226,8043967.024122134,-9322383.939890606,-5.757730873700012
19113000.0,7041631.578947405,0.0,-6.154522122725038
10987802.946519945,15791705.760830278,-14342074.789581032,-1.7156056653298493
10014289.536497451,17447231.85567723,-7983743.899103589,-0.8276783726631652
9053526.315789364,19113000.0,0.0,0.0005204006819194973
11928969.610042918,14126050.759866178,-19170217.359763198,-2.6556043688231554
12754569.60829764,12644847.881961724,-22068397.26072688,-3.507672439525957
14326690.507696835,12001064.50832952,-18205373.93214068,-3.850721447045211
15890469.501114922,11048436.253523055,-13810810.567562236,-4.323964203671648
17494619.55849665,10056891.853292994,-7721666.192146125,-4.786078898566154
19113000.0,9053526.315789502,0.0,-5.251942022830485
12902139.59341687,15820872.780613996,-10911444.68344534,-1.744374915303819
12002537.53800933,17454969.7983843,-6265175.078717104,-0.8632331427470441
11065421.05263146,19113000.0,0.0,0.0003439258435780819
14079849.52362471,14141687.55284552,-13383705.280415276,-2.668670369191091
15895205.926791351,13071093.395645224,-10375727.094700614,-3.239448867425064
17503206.456027053,12067629.743770676,-6027992.417528697,-3.751554650327273
19113000.0,11065421.052631604,0.0,-4.2573594375054045
14541301.816921178,15961363.68551119,-7695357.549514027,-1.6821703487172135
13946180.523761772,17465823.661117714,-4539082.724578642,-0.8740719242997859
13077315.789473556,19113000.0,0.0,0.00016774106256474872
16028470.188108733,15089647.049888572,-6628268.16111246,-2.151834144630409
17542549.38417584,14078095.265514003,-4217492.162469298,-2.6878287970184243
19113000.0,13077315.7894737,0.0,-3.213148828958857
16026212.230843186,17336694.679311235,-2927445.8186633782,-0.948054486790502
15089210.52631565,19113000.0,0.0,0.00010081410725182316
17602396.080694288,16073708.469836222,-2451123.0804177155,-1.6230149189227376
19113000.0,15089210.5263158,0.0,-2.147098519852143
17791142.714939047,17747501.682461075,-963721.4697401752,-0.7290984589240143
17101105.263157748,19113000.0,0.0,3.8483240376807615e-05
19113000.0,17101105.263157904,0.0,-1.0741127104072672
19113000.0,19113000.0,0.0,4.5543826385219255e-06
-4619489.134950969,-3356250.904218864,-144982169.57439402,14.170928652289282
-4037583.286762336,-4037576.1543848864,-144995070.2387043,12.362641980127714
-5087648.267575558,-2592283.762522039,-144949178.77173594,15.633071607461195
-3356258.839349738,-4619483.369738087,-144982446.47950917,10.256590162491555
-2592292.2781874435,-5087643.928622536,-144949371.54198477,7.906171745892283
-5430533.074158114,-1764485.9111012495,-144908320.21937028,16.707592163729597
-1764493.4946419166,-5430530.610112271,-144908765.1121087,5.370326600103671
-5639700.4941809205,-893240.3573145794,-144875612.61482474,17.367284542265917
-893244.4481825455,-5639699.846249892,-144876162.64828858,2.705921858936032
-5710000.0,0.0,-144861907.49223924,17.599065223081926
0.0,-5710000.0,-144862121.05788448,-0.0013461692998843
-5639699.846249892,893244.4481825455,-144876274.41067907,17.36981241630447
893240.3573145794,-5639700.4941809205,-144875683.56720987,-2.7097322358103653
-5430530.610112271,1764493.4946419166,-144909128.3525271,16.710181148515087
1764485.9111012495,-5430533.074158114,-144908580.58691767,-5.371638709470543
-5087643.928622536,2592292.2781874435,-144949485.40800497,15.633682369344804
2592283.762522039,-5087648.267575558,-144949126.69123837,-7.905827885435218
-4619483.369738087,3356258.839349738,-144982426.43431973,14.169773034687708
3356250.904218864,-4619489.134950969,-144982148.3700932,-10.25599364649929
-4037576.1543848864,4037583.286762336,-144994897.39950755,12.361766649946276
4037576.1543848864,-4037583.286762336,-144994796.85779655,-12.36172060244357
-3356250.904218864,4619489.134950969,-144982022.4449744,10.253913289516376
4619483.369738087,-3356258.839349738,-144982242.0900823,-14.170007288030217
-2592283.762522039,5087648.267575558,-144948928.55999944,7.903328721619968
-1764485.9111012495,5430533.074158114,-144908202.3699385,5.370239046199726
5087643.928622536,-2592292.2781874435,-144949127.44354364,-15.6321468634659
-893240.3573145794,5639700.4941809205,-144875121.63574675,2.708094130741942
5430530.610112271,-1764493.4946419166,-144908370.85761967,-16.70792845512664
5639699.846249892,-893244.4481825455,-144875368.46794525,-17.366191940879663
0.0,5710000.0,-144861649.41727158,0.0014311103677459
5710000.0,0.0,-144861751.1592088,-17.599771949918097
893240.3146253441,5639700.500942227,-144875550.22630978,-2.702718325208999
5639700.462974368,893240.5543450727,-144875248.08199957,-17.36700547618962
1764487.5784443384,5430532.532405606,-144908537.38846,-5.367254254976317
2592287.4486328657,5087646.389408418,-144949661.02851608,-7.905415829717032
5430532.95089332,1764486.290471502,-144908113.41422805,-16.7063030171137
3356257.0063989377,4619484.7014573,-144982281.1326299,-10.256460670700488
5087647.998997851,2592284.2896359093,-144948687.24889377,-15.629438335242089
4619488.682165736,3356251.527425002,-144981979.09156403,-14.169927337449227
4037582.560136248,4037576.881012127,-144994849.17650303,-12.362934242613145
-3768393.001491406,-3198073.885554337,-158113894.47632745,12.773473704067907
-4161486.0774971135,-2627634.430448997,-158451708.61007294,14.16606705630314
-3204424.4616395794,-3744900.328214001,-158344413.49598107,10.874243452898696
-4506919.333856083,-1905814.960311987,-158904098.76026455,15.42502959287143
-2547602.6171805877,-4195856.117302067,-158665821.30354783,8.663854376876893
-1859975.2686008017,-4583956.0248246845,-158002718.30955723,6.282471771088929
-3007204.2925826325,-1751320.1713771771,-182123847.5958385,14.205120777756132
-3363938.3301431546,-2498890.051689813,-170529146.3014135,13.122694955468996
-2460275.1186297326,-2461187.9937646887,-182127991.90104052,11.598880805835496
-4734815.68063849,-1119369.0464468354,-159350374.45761994,16.28900464506678
-1750204.415361469,-3007853.80370277,-182124367.6121657,8.231084445756066
-2473676.744794778,-3375210.1175803337,-170625688.30941674,9.648895248721317
-1100383.873211605,-4868316.739944108,-157236831.48696086,3.694613467660247
-3354751.2169565554,-925226.6059341952,-182114676.92590612,15.860572476331884
-3887387.750568724,-1367333.65245213,-171647810.94722554,15.43277621901884
-4853228.293982251,-254476.9796677567,-159427906.24951303,16.72224102605883
-1788407.992343499,-3752093.057842555,-171072334.929009,7.031175159990188
-924610.1485052258,-3354921.1724392488,-182115696.943172,4.311306650495685
-435973.7220876243,-5084987.775236192,-155323552.78843877,1.4387769137900448
-5075962.461663982,466545.8931077807,-155430005.9036437,16.863131844047864
-4091125.316788372,-530862.5628494042,-171563530.86850783,16.234785681218654
-3480000.0,0.0,-182105079.0910226,16.45111546347165
0.0,-3480000.0,-182106040.60065365,-0.000277053681003762
-420770.6761009953,-4291124.574125606,-168509791.58948824,1.5910060749126766
246410.6930040115,-4896440.6900314735,-158711539.2125149,-0.8479423010595788
-4833744.80093731,1182217.995846365,-157490980.59981915,16.35547213582948
-3354921.1724392488,924610.1485052258,-182113741.75078785,15.860485233940176
-4236568.958584207,481230.9074044922,-169296347.76085624,16.307641734719773
496529.733556909,-4174108.998863585,-170283383.46392533,-1.926894710186128
925226.6059341952,-3354751.2169565554,-182113726.7485965,-4.305248680372955
1049675.3215815313,-4816909.858760225,-158264834.33670333,-3.560527260268397
-4718154.07244369,1926734.758169785,-155484749.85294473,15.659599440548362
-3007853.80370277,1750204.415361469,-182123731.5010842,14.212551312849328
-3973419.071935174,1587851.813611192,-169065165.79863498,15.235653604793027
1539518.9442472984,-3645971.1768291146,-174317475.96363297,-6.339923265596147
1751320.1713771771,-3007204.2925826325,-182123485.31819135,-8.234814359245684
1850146.8129753943,-4636942.525816004,-157238185.1961408,-6.208034031920241
-4217453.880603348,2470578.402010621,-159013564.70045373,14.437642386863835
-2461187.9937646887,2460275.1186297326,-182128536.7866541,11.611144375823168
-3445643.7036260734,2384112.909644436,-170534674.4042909,13.459845045070711
2491857.582271488,-3332683.9095679387,-171007807.9070034,-9.770752707366334
2461187.9937646887,-2460275.1186297326,-182127723.00147223,-11.605544330940358
2479571.1034531565,-4125383.369582251,-160260149.93487,-8.56252874294791
-3774036.400885654,3163198.3431315757,-158417874.6009415,12.828828043663336
-2536469.8092474737,3342266.779109458,-170444517.5060747,9.868504614791902
-1751320.1713771771,3007204.2925826325,-182122904.28984675,8.231545300752405
3355390.3647502963,-2463040.715953894,-170989845.50688395,-13.1746556846255
3007853.80370277,-1750204.415361469,-182123323.29168507,-14.209244890153206
3179676.788799798,-3721441.5613229354,-158912247.49119747,-10.847965520279502
-3234373.024536906,3716166.1954068304,-158381603.06261966,10.978502622255006
-2612221.74570874,4119960.914441043,-159177264.71595398,8.926178267408039
-1542694.5334314683,3726696.9753156058,-173080811.46162674,6.229749065084642
-925226.6059341952,3354751.2169565554,-182113678.66624403,4.308149070458479
3708623.731725853,-1801028.4331974937,-171623170.4321464,-14.694231260436538
3354921.1724392488,-924610.1485052258,-182114656.6262369,-15.855914763705456
3724264.944072004,-3172487.669311332,-158953827.02316216,-12.723367788792046
-1817845.083435217,4424437.733427818,-160739945.87090087,6.3038886046919655
-538787.0970836048,4122041.081900458,-171044365.26604792,2.1159299194738965
0.0,3480000.0,-182105029.36327747,-0.0053745096838773
4110939.424636695,-652982.8177582643,-170956251.71330085,-16.158240540810404
3480000.0,0.0,-182104962.83371356,-16.44106010378223
4170104.779509072,-2542387.1108803395,-159079590.4264929,-14.278645992112104
4526659.860842413,-1868445.544432444,-158839188.0018176,-15.481310178629217
-1012367.4277482624,4763202.231211793,-159276632.38074705,3.4609693050043795
924610.1485052258,3354921.1724392488,-182114678.9573972,-4.311617360908642
731637.4936406198,4079063.5977120167,-171256326.3017142,-2.895892669714513
4148500.9745762018,522858.0805902471,-170647700.2072929,-16.240084844556552
3354751.2169565554,925226.6059341952,-182113785.86863208,-15.851049246518263
3720309.753778058,1528922.8191987984,-173262739.63624012,-15.107570902616905
3007204.2925826325,1751320.1713771771,-182122688.63916475,-14.199787921093778
1750204.415361469,3007853.80370277,-182123198.46037412,-8.225482745687172
1652416.8491274074,3915722.08112282,-169539899.31769493,-6.353197448375817
2460275.1186297326,2461187.9937646887,-182127809.06527904,-11.601563161182195
2418253.29605678,3376085.293047728,-171144572.94646594,-9.49472975742828
3343231.619882513,2505825.8420314803,-170733234.40406534,-13.079918771656624
4770634.660567278,-1114813.9543238713,-158783028.1927251,-16.321643923093074
-329659.6491896806,4905016.688800092,-158486793.5489199,1.1210887443444892
4893417.97284013,-420745.5291466031,-158564633.64099482,-16.715597397896033
431902.9991269755,4870000.875061377,-158939775.0643971,-1.4675926725566473
1228157.566119198,4718242.987044437,-159182873.65156344,-4.187660785619779
4914067.588339972,320906.3444854021,-158344756.1754837,-16.75230024674202
1962141.1441038856,4680737.349066393,-155842358.75183046,-6.496708835936414
4779546.058730381,1019510.061316544,-158984248.03541446,-16.386159794929473
4401094.819659802,1790771.0229993088,-161269682.91128477,-15.414109718561033
4102740.341788661,2554208.924420077,-159935113.9972829,-14.163979947037888
2551913.8801046736,4193150.3648471567,-158667281.79644692,-8.682315166851089
3715668.854179852,3210142.496884757,-158653689.73555914,-12.657028702249894
3148268.9784327988,3738937.9990312136,-159027634.2496176,-10.751188328262629
-3091145.863613803,-3089369.404655917,-167590671.65108773,11.588042462412783
-3792123.020803805,-2054046.8755005088,-168521527.16853777,14.405106144944284
-1227367.4154634313,-4179096.642364632,-167798095.96782458,4.601655031427184
1186298.861357097,-4191756.539071112,-167785661.94083294,-4.454816828370218
1815666.5820613045,-4046206.268588195,-166508357.18015957,-6.720515067263264
2019082.5005067184,-3629937.566947081,-171122883.48991323,-7.920586841496006
-3089688.2724246224,3014490.4256154904,-168469253.08437863,11.708937372750716
3060306.935727389,-3051861.548342999,-168382520.13231516,-11.586037504686796
-2070027.647672708,3735503.727981023,-169209418.3123203,7.909688015036346
-1149053.1587380455,4111587.90563,-169216559.57757246,4.394651455795985
4122216.317072055,-1268960.1933050689,-168498048.95837376,-15.669195189030289
59018.74929886199,4291224.448694789,-168837417.3571721,-0.2208894402497037
4339214.255619973,-56177.87391861083,-168050499.2088397,-16.409522152795226
4114071.185741565,1143627.839976639,-169200904.5471997,-15.77984272575039
3719680.022378112,2035644.1525682688,-169707245.66717437,-14.3515788178324
3017139.5734363347,3058435.924951973,-168804300.82638842,-11.485738235041172
-862515.465378924,-862825.0529407327,-207926340.22562656,4.711314564625245
-1053101.9750035924,-615935.2484178287,-207925939.43431857,5.748884617976231
-1129854.929608442,-921475.6118005378,-206234332.27436784,5.8710147597149485
-935570.885797794,-1060920.4509092467,-206559902.2379671,4.900465128717644
-615557.2692224395,-1053322.955369061,-207926121.9902215,3.3521981785097523
-1174869.6019165027,-328757.3854570548,-207926007.095278,6.415760602823765
-1348913.6910067168,-513015.6893278289,-206345858.2129641,7.02918100234089
-621193.8359288704,-1306707.2627735953,-206318161.24448204,3.237364506817221
-328549.3623450397,-1174927.7920377357,-207926104.47113463,1.7745942423939718
-1220000.0,0.0,-207925543.23956108,6.664367441243637
-1455371.7796049186,-97172.2240056175,-206229013.32987645,7.563294368062325
0.0,-1220000.0,-207925383.8542609,0.0005186684153728471
-170617.5779805114,-1481356.1452137684,-205980224.16804636,0.8836367801502357
-2175469.3783301245,-1684023.617558543,-192889557.78819156,10.379880871409728
-1174927.7920377357,328549.3623450397,-207926094.9366853,6.41684070606211
-1498081.1236939009,176902.89627929992,-205845800.05404183,7.72786900865096
-1669131.615418091,-2175977.074614336,-193003371.1182954,7.963073567322837
182000.2446570904,-1450166.749147471,-206206890.1201057,-0.9454711945919112
328757.3854570548,-1174869.6019165027,-207925993.7167648,-1.7707045845361904
-2518508.419278754,-1076048.4849928785,-193048568.09402412,12.024934052947904
-1053322.955369061,615557.2692224395,-207926414.96255767,5.757237920693797
-1323738.4789943576,654742.0359972898,-206090417.59278288,6.8591308022288375
461609.7725950958,-1338050.1733201616,-206552845.0534104,-2.410595528287044
615935.2484178287,-1053101.9750035924,-207925777.68301693,-3.351971862721338
-1070028.4305948725,-2547072.8305682656,-192733649.7868033,5.101180261097714
-2714523.3200239185,-360734.7486495217,-193050055.98760203,12.962303451694003
-862825.0529407327,862515.465378924,-207926105.590354,4.707029748809512
-1194813.613223813,900067.7730085452,-205943925.52843216,6.174265497673024
842089.3414256932,-1170351.89045605,-206356310.78269276,-4.385236818487743
862825.0529407327,-862515.465378924,-207925951.2746121,-4.708146944561796
-378108.8668058072,-2732185.0314533263,-192789106.33706117,1.8051806748745065
-2750787.0649619214,430033.2133103828,-192445622.50734797,13.122243132044026
-839796.7437340595,1170809.8239916402,-206363486.69247717,4.374609428104232
-615935.2484178287,1053101.9750035924,-207925963.19977376,3.352859474355528
1053322.955369061,-615557.2692224395,-207926343.7296121,-5.757543187219807
1319910.7323313472,-663356.0546041377,-206087279.9250326,-6.838597597274315
1174927.7920377357,-328549.3623450397,-207926116.9268313,-6.417653890878774
1183035.9675443503,-903407.7383931816,-206000876.1585009,-6.119872349539258
357481.04117790825,-2719704.6529786605,-192988180.29021955,-1.707265635701371
-2472490.096817945,1102298.2903192895,-193460561.9797361,11.813335726049996
-501359.8566682384,1336072.1671521247,-206466672.04612276,2.6155992948557354
-328757.3854570548,1174869.6019165027,-207925947.2141576,1.7724163134777606
1472017.0860355217,-198266.74078219908,-206025207.70216516,-7.61952303004486
1220000.0,0.0,-207925426.110752,-6.666510035280065
-121671.24462208652,1433283.4182086422,-206381282.495671,0.632384808008761
0.0,1220000.0,-207925383.7287873,-0.0006139390599764205
328549.3623450397,1174927.7920377357,-207926224.7331526,-1.774611397007399
154364.67469647928,1473657.8130063766,-206052813.4702038,-0.8001542551699193
1334676.5026956855,498443.3897274853,-206484048.85899332,-6.976055228636715
1053101.9750035924,615935.2484178287,-207926061.54256603,-5.750306799164142
1174869.6019165027,328757.3854570548,-207926006.4085498,-6.416368046733169
1444460.802847264,101397.57794503216,-206309228.2100689,-7.519725690002429
1171954.5815402183,823401.910520176,-206427634.8439864,-6.1183929800357415
862515.465378924,862825.0529407327,-207926143.74781585,-4.7074530846242135
925270.2801472172,1105405.8068628963,-206358340.3822685,-4.824378906895413
615557.2692224395,1053322.955369061,-207926258.8809985,-3.3495819326601497
605532.183850423,1388739.3425864335,-205795076.7673043,-3.1207359128636845
1052241.2017917563,-2545816.343843576,-192839397.6388301,-5.017015099736135
-2173471.645403448,1670829.255602687,-193015895.06230956,10.37206496898365
1672790.741950066,-2198001.8926605824,-192744322.02331904,-7.976989324945305
-1686373.8507226522,2166913.5122915986,-192959479.0439832,8.04489363568557
2150653.413470589,-1685858.9632473236,-193131246.08464703,-10.265305713430095
-1060181.324092837,2480990.9528032634,-193578166.0923021,5.062181683809226
2456866.591452603,-1095821.7472072218,-193679172.17569023,-11.744181810228277
-365379.7282293745,2682646.105641394,-193453429.6920672,1.74571662905835
2699387.321928869,-392287.8537974238,-193189294.46896756,-12.893745627635647
2688502.133672398,353908.16686390224,-193397944.97009027,-12.846214868948586
348687.8246295112,2701767.9959061174,-193235580.70236352,-1.6671842808684307
1042442.0517764656,2539905.206849585,-192959840.3013902,-4.972514977996975
2493406.328936649,1056850.711530917,-193447415.4287273,-11.913088316247654
2138665.1181768216,1671440.3109124447,-193369776.65082788,-10.213592834527049
1645606.5090799169,2180516.3525713845,-193142438.6363876,-7.852752241949344
-1186913.065145732,-1203805.0521527329,-204360799.52149636,5.992490700408776
-871878.5755518108,-1270759.252936388,-205589888.6742519,4.478955754678206
-1471708.465062609,-1046262.7424713495,-203349821.8182515,7.351139234934806
-1387467.4567376403,-760203.3890392117,-205261875.43761003,7.090561291103377
-1467336.6476883462,-1518893.255473737,-200388698.2432859,7.176772617191545
-1073150.1901407258,-1467138.5969933085,-203241108.34483445,5.354661913363064
-798886.2070753031,-1532661.1994203855,-204034512.127825,4.01772695574319
-1930360.1763831945,-1120714.7251284444,-199114888.39574376,9.387590221442297
-1696322.2259948552,-809906.3346844625,-202670083.75557405,8.42515209479146
-1637305.9657407622,-529580.1820362336,-204099708.33325925,8.242424300568235
-1474900.629741574,-344106.46931599604,-205798416.5490578,7.602808964235066
-481807.30045912735,-1502192.0717146418,-205297959.59687495,2.462754042568477
-1048645.1374939692,-1876677.949600804,-199993478.5855489,5.116876939796518
-652375.5137460369,-1771484.0909914044,-202594545.0169884,3.2373088397394385
-2054769.0660500687,-592770.6347470732,-200109859.4793302,10.039464579019045
-1758042.1104389683,-252006.8657532452,-203614801.75256088,8.80630570010615
-1689021.2141577082,29882.48520427607,-204370493.76760295,8.529588067634737
-330055.25163754344,-1800071.5820774776,-203127700.9648333,1.644264405672968
-24927.28587702238,-1719368.909255615,-204110380.4938653,0.1262119849679351
-602483.6720642417,-2145817.652143712,-199149245.98367652,2.9284886059696142
-2128320.517388484,-404.8825975669109,-200215959.5716085,10.405034677398405
-1801213.3886511386,311890.65081657225,-203146442.4334992,8.982948167266624
-1519698.109492941,458366.071485429,-205218953.60216117,7.760519695840411
481126.22879912826,-1628090.2991955646,-204298879.9800711,-2.4259249484450507
238636.31075209723,-1801364.1451626506,-203245691.58266744,-1.1900559073493129
-19224.29925369176,-2142527.530385916,-200066763.0887177,0.0942461024076745
-2145583.414334052,620440.6773583906,-199098281.2002945,10.435517335400748
-1566881.4026229044,726398.4978107425,-204045673.36910236,7.882894347589991
-1765518.307083674,618228.9822770817,-202754593.70605788,8.773383523571557
-1440918.095286253,898943.5873679942,-204293842.4020135,7.2691214999913
700229.7556443773,-1384022.241337676,-205510580.5603737,-3.5910961999545514
774406.2054995664,-1686933.403687428,-202888775.10265392,-3.849895560491527
564751.6054009974,-2062947.7952325908,-200106804.06893203,-2.7571637479422173
-1090020.0854699877,1152843.3857233324,-205225714.11700413,5.565727342359412
-1784534.0222572973,1001711.8119259174,-201054656.80272076,8.762332703882013
-1394634.1836498147,1157760.626048806,-203287897.6948295,6.962730305800545
1055845.003485391,-1112770.657080355,-205646264.4719333,-5.427433822496158
1034220.9827958643,-1437139.2480957534,-203664033.49905345,-5.181074884980652
1091702.4548574646,-1922467.434575555,-199344974.20872644,-5.311613562142277
-700091.5913551484,1364283.692833723,-205650364.7149272,3.597782226262538
-930111.7404866002,1421304.6010186295,-204291703.17246148,4.69025277776336
-1219358.116477774,1414032.0947806614,-202787650.4734725,6.05919728705044
-1585678.2802095488,1547662.8070279183,-199292324.09377977,7.714661736117475
1517541.9593399053,-481762.55079966737,-205179645.44620055,-7.744848474384251
-344461.7445518711,1461903.3546250835,-205896320.85488936,1.7774195231647298
1467067.4219941786,339948.5020073727,-205865239.59767732,-7.571719212606792
1367919.9186007376,695943.0438661088,-205639754.1043253,-7.033018115280129
1148366.7302010234,1028081.922914546,-205588168.74405527,-5.898606324621132
395828.3645460401,1515292.5434205444,-205389766.5849325,-2.0261288713976
842116.7816068127,1323181.7853522643,-205371911.56909737,-4.309624004626566
1341092.7953990917,-1217827.133468159,-203297556.05272257,-6.696405282904166
1564589.9538719188,-741461.5673760057,-204008248.43942004,-7.867754585173918
1426045.7658251126,-909397.8394884912,-204353834.4621533,-7.19888550166706
1529639.216438721,-1566389.2030846782,-199575351.3663684,-7.451672268091357
-517553.3135592897,1626202.211381721,-204222686.22461733,2.6063328474411165
-758075.8289377828,1665049.899155547,-203133631.6709808,3.7770459667412326
-1087239.4289729765,1838807.75361309,-200135942.76344997,5.309706617595599
1762409.3934743088,-652079.4655869004,-202675181.7400433,-8.752313042406312
1777175.9161765464,-322867.5194685323,-203343791.14252445,-8.879086946850698
1672105.1188136132,-48574.16666901264,-204510574.9549992,-8.458743816021144
-252283.67817355337,1738999.8993720696,-203781366.1990433,1.264959518772675
12917.804796575028,1701704.348865753,-204263815.15421903,-0.0654650700174158
315182.6306716192,1772361.916224832,-203398736.3447638,-1.573971866484527
1610423.5959634162,511632.7688890616,-204366941.0181344,-8.131930037406958
1725564.8760021252,251004.5878863349,-203899836.76170185,-8.669728107828197
1427868.8185168144,914224.2844616644,-204318483.79432783,-7.20557246422148
1640548.505116989,758362.0812097816,-203334643.1474368,-8.196114761318176
1156719.220388976,1260747.7652937763,-204185341.0931656,-5.827750042892224
1399109.6363502138,1166871.8884822312,-203203915.5255105,-6.980314020291578
635433.0541391621,1734635.2040738962,-202969869.74298647,-3.1631826706627493
1065415.8930811917,1506104.0185749866,-202993580.20756075,-5.304516857337172
836164.6379322729,1565862.4155528352,-203623407.53431243,-4.1859493199078655
1795786.7964743793,-1041032.9341381976,-200758983.173278,-8.803104549891223
-580649.2176806226,2015765.3091428892,-200532946.0511823,2.841147060814263
2109723.0469957804,-646696.7773646631,-199388796.31439653,-10.274104846322068
2097137.460815691,-33381.130326308616,-200535707.1996492,-10.269891314442845
-31003.35858958344,2090218.6975168453,-200606938.34920025,0.1512742477578643
556997.8767640954,2120520.716341481,-199540296.10183275,-2.712619074429071
2007746.7377600165,570408.9443563574,-200640908.3708656,-9.836983944244432
1799553.7559114343,1094013.565893904,-200449098.95111063,-8.80598891162571
1463039.6567328195,1537291.9038472655,-200282065.20272425,-7.1513580171250135
1034969.2404006432,1883190.3269986424,-200003226.71225053,-5.050953679579769
-781587.3863908878,-612058.7914261952,-209296741.03639865,4.255680569216649
-572929.6003322597,-758468.32229578,-209520042.93964,3.1191911219478072
-856938.5970286927,-364014.0237004111,-209619939.62206724,4.66550821992648
-393883.5176630477,-921275.4317739124,-209246520.4528242,2.1448182988666478
-975383.7571470868,-123353.22788551876,-209348108.43026748,5.310179474258274
-144232.54667792667,-949296.8702738336,-209469568.1472913,0.7863071344520142
-932960.2378471544,140875.0393641544,-209555971.3160611,5.078828453882068
100847.2899503709,-982500.9346586476,-209323928.30456343,-0.5511305638403968
-917037.8533299662,384873.7897481838,-209286866.2051814,4.993259713961896
310215.6694592382,-875099.0807130558,-209633138.60385177,-1.6886205016527356
-753017.4719350603,560378.4136135351,-209581217.74633107,4.099746291656094
542989.1185261483,-736682.9052198328,-209699959.2790921,-2.956565114649853
732695.8123932475,-549655.6232422825,-209696022.51289615,-3.989551889263112
-602176.5792899828,773623.708540774,-209363192.11431876,3.278783230737633
913542.0673399188,-366698.31960670376,-209341587.7402496,-4.97431288967945
-362869.4544411567,857779.4000426382,-209618295.01313812,1.975491676852092
-114466.1271947562,982612.2596097843,-209315331.80638227,0.6254536090138061
945607.9490605592,-113057.17709392804,-209510546.5239958,-5.147669709517828
980609.6749684244,134335.82432654832,-209312509.77756003,-5.338369182216118
881285.208190085,354541.06692122394,-209523183.5151796,-4.797981345017026
785777.454630232,596636.3302613184,-209329656.27176768,-4.278199662190976
144525.86599571054,939881.5417323902,-209517822.12428832,-0.7877858784959907
575453.9576744055,747676.3459444015,-209556431.8129606,-3.132840744539896
390869.65441395657,919570.8345127382,-209261484.97517607,-2.128785926133884
-528680.232858999,-432900.731829434,-210710378.76932025,2.8818324056813327
-292160.9806337751,-692559.8839958939,-210443001.43666533,1.5924838907123429
-160786.99823310945,-395454.3899783872,-211486273.5931809,0.8765133607609954
-667417.7112461645,-72770.90548434346,-210754404.36936584,3.638164293625693
-345716.30070338194,-154740.1659799026,-211591951.50730723,1.8846763572180805
18388.528275579494,-20433.8390961886,-211980938.61890692,-0.1002270888530283
133593.28527438123,-378303.0328511644,-211544270.68762752,-0.728247656164708
47547.01196269182,-697963.5578240154,-210649005.1814032,-0.2591459595589399
-670960.8094608197,279008.86419575027,-210543726.1303084,3.6575361849398433
-355579.78975133057,147466.04733578104,-211579083.9559443,1.9384644656239185
330568.7023712264,-199768.40612583488,-211576374.78374672,-1.8020610151878216
-123957.48929493155,345645.75366926764,-211615468.44565052,0.6757580435030824
411198.9502851579,72620.6786342846,-211507752.006664,-2.2416303486715705
181803.9421160505,357491.9773197822,-211544558.8732393,-0.9910610998547964
295112.29537348024,-628256.3169080673,-210669776.18152776,-1.608560148678441
443314.3135127537,-451544.6700174463,-210891592.5244499,-2.416517810860166
-415326.2167021837,532537.7489550039,-210739840.6036522,2.26394288450196
645616.8123938297,-217176.29772906317,-210718327.56246468,-3.5193536938858765
738627.6438783454,101534.91076844116,-210467847.43390152,-4.026342539103854
-57017.39478620774,669140.6373731697,-210753710.55709508,0.3107662095127622
552188.0726759164,414075.72666857095,-210684588.9816908,-3.009945897535244
291167.71601781284,668035.7802833207,-210535523.52285975,-1.5871009089528718
