X (m),Y (m),Potencial (J/kg),-du/dx (1/m)
-4.5049790363e+06,-4.5049755695e+06,-4.6526375667e+07,9.8163940047e+00
-4.8366232037e+06,-5.4334835254e+06,-3.4966359141e+07,7.5592539077e+00
-3.7447821562e+06,-5.1542455901e+06,-4.6269162620e+07,7.8447838915e+00
-3.8523304373e+06,-6.1073340149e+06,-3.4836563408e+07,5.7142493016e+00
-2.8923763936e+06,-5.6766010779e+06,-4.5591341740e+07,5.8263739047e+00
-5.1542484719e+06,-3.7447781897e+06,-4.6268971353e+07,1.1658852295e+01
-5.6390832542e+06,-4.6624748758e+06,-3.4369523537e+07,9.2697071487e+00
-5.6766033037e+06,-2.8923720252e+06,-4.5592063289e+07,1.3262471970e+01
-6.2785055173e+06,-3.6701230356e+06,-3.3955697855e+07,1.1108850988e+01
-2.7553902691e+06,-6.6279091233e+06,-3.4000976109e+07,3.8770613539e+00
-1.9687508422e+06,-6.0591799050e+06,-4.4745561537e+07,3.8272605606e+00
-1.7058949299e+06,-7.0271063217e+06,-3.1966231094e+07,2.2163524288e+00
-9.9664689177e+05,-6.2925619562e+06,-4.4053000143e+07,1.8833170766e+00
-6.0591814201e+06,-1.9687461793e+06,-4.4745837771e+07,1.4519672132e+01
-6.7182256821e+06,-2.6981403314e+06,-3.3085242142e+07,1.2538744419e+01
-6.2925625112e+06,-9.9664338766e+05,-4.4052960452e+07,1.5328982305e+01
-7.0408275865e+06,-1.6958907095e+06,-3.1802147619e+07,1.3563209961e+01
0.0000000000e+00,-6.3710000000e+06,-4.3786205631e+07,-5.6693904718e-04
-5.6641518787e+05,-7.2251282903e+06,-3.0871615601e+07,7.0642045144e-01
-6.3710000000e+06,0.0000000000e+00,-4.3786275906e+07,1.5603274583e+01
-7.2466021167e+06,-5.6437589619e+05,-3.0569234015e+07,1.4141969343e+01
-6.2925619562e+06,9.9664689177e+05,-4.4052773984e+07,1.5330014562e+01
-7.2170677375e+06,5.2775575632e+05,-3.1012371443e+07,1.4193097779e+01
5.6303512668e+05,-7.2494999940e+06,-3.0529265131e+07,-6.9420155418e-01
9.9664338766e+05,-6.2925625112e+06,-4.4053079017e+07,-1.8834585835e+00
-6.0591799050e+06,1.9687508422e+06,-4.4745534871e+07,1.4522110088e+01
-7.0244010522e+06,1.6933667069e+06,-3.2030614683e+07,1.3588953911e+01
1.9687461793e+06,-6.0591814201e+06,-4.4745654313e+07,-3.8269834021e+00
1.6925456202e+06,-7.0280702628e+06,-3.1982526160e+07,-2.2002300590e+00
-6.6222711335e+06,2.7489847197e+06,-3.4096516927e+07,1.2550406706e+01
-5.6766010779e+06,2.8923763936e+06,-4.5591309404e+07,1.3266286716e+01
2.7534406772e+06,-6.7051402823e+06,-3.3043583088e+07,-3.7474347786e+00
2.8923720252e+06,-5.6766033037e+06,-4.5591355819e+07,-5.8231531421e+00
-5.1542455901e+06,3.7447821562e+06,-4.6269062924e+07,1.1655972423e+01
-6.1090443686e+06,3.8510764898e+06,-3.4825167449e+07,1.0844440290e+01
3.7447781897e+06,-5.1542484719e+06,-4.6269356103e+07,-7.8350255921e+00
3.8115269781e+06,-6.1888218376e+06,-3.4180973045e+07,-5.5164500449e+00
-4.5049755695e+06,4.5049790363e+06,-4.6526260968e+07,9.8094694346e+00
-5.4414454836e+06,4.8482003529e+06,-3.4807760831e+07,8.8848516662e+00
4.6551544293e+06,-5.6674907248e+06,-3.4157479953e+07,-6.9874854787e+00
4.5049755695e+06,-4.5049790363e+06,-4.6526250543e+07,-9.8086815649e+00
-3.7447781897e+06,5.1542484719e+06,-4.6268835270e+07,7.8362484625e+00
-4.6505332397e+06,5.6096154119e+06,-3.4727619637e+07,7.1173465478e+00
5.4124262604e+06,-4.8728664681e+06,-3.4878432996e+07,-8.8331585862e+00
5.1542455901e+06,-3.7447821562e+06,-4.6269199500e+07,-1.1656752003e+01
-2.8923720252e+06,5.6766033037e+06,-4.5591733699e+07,5.8186644441e+00
-3.6892278121e+06,6.2296558886e+06,-3.4396796565e+07,5.3555686755e+00
6.0590459815e+06,-3.8668433943e+06,-3.5276098867e+07,-1.0840997334e+01
5.6766010779e+06,-2.8923763936e+06,-4.5590958905e+07,-1.3268203138e+01
-1.9687461793e+06,6.0591814201e+06,-4.4745643102e+07,3.8260681690e+00
-2.6935286454e+06,6.6991131156e+06,-3.3342133905e+07,3.6976805505e+00
6.6074342969e+06,-2.7437829035e+06,-3.4303010342e+07,-1.2574393820e+01
6.0591799050e+06,-1.9687508422e+06,-4.4745356145e+07,-1.4521240901e+01
-9.9664338766e+05,6.2925625112e+06,-4.4052763008e+07,1.8838513228e+00
-1.6968803289e+06,7.0269605901e+06,-3.1988092220e+07,2.2058608167e+00
7.0154870116e+06,-1.7080231565e+06,-3.2119161542e+07,-1.3582597957e+01
6.2925619562e+06,-9.9664689177e+05,-4.4052716548e+07,-1.5328193828e+01
0.0000000000e+00,6.3710000000e+06,-4.3785797831e+07,8.6639085379e-04
-5.6307187515e+05,7.2379869999e+06,-3.0691945251e+07,6.9871343173e-01
7.2214114835e+06,-5.6926834498e+05,-3.0922256548e+07,-1.4172987005e+01
6.3710000000e+06,0.0000000000e+00,-4.3785764897e+07,-1.5604453739e+01
9.9664689177e+05,6.2925619562e+06,-4.4052373875e+07,-1.8837403259e+00
5.5176371256e+05,7.2140692430e+06,-3.1038815026e+07,-6.8843004354e-01
1.6874929925e+06,6.9529010096e+06,-3.3017979830e+07,-2.2733613331e+00
1.9687508422e+06,6.0591799050e+06,-4.4745294315e+07,-3.8275345460e+00
7.2368232087e+06,5.5052283710e+05,-3.0717107217e+07,-1.4159581300e+01
6.2925625112e+06,9.9664338766e+05,-4.4052735808e+07,-1.5329647332e+01
7.0427050431e+06,1.6814247490e+06,-3.1808312857e+07,-1.3576718852e+01
6.0591814201e+06,1.9687461793e+06,-4.4745638938e+07,-1.4520768586e+01
2.7214476096e+06,6.6021099971e+06,-3.4457029968e+07,-3.8892088503e+00
2.8923763936e+06,5.6766010779e+06,-4.5590898968e+07,-5.8277007041e+00
6.7076959546e+06,2.6805706166e+06,-3.3281976201e+07,-1.2578650999e+01
5.6766033037e+06,2.8923720252e+06,-4.5591813116e+07,-1.3263852992e+01
3.7447821562e+06,5.1542455901e+06,-4.6269063296e+07,-7.8458271473e+00
3.8470416763e+06,6.0616585556e+06,-3.5362938481e+07,-5.8073826410e+00
4.5049790363e+06,4.5049755695e+06,-4.6526121796e+07,-9.8176962934e+00
4.8144249678e+06,5.4132793262e+06,-3.5315149831e+07,-7.6029760922e+00
5.1542484719e+06,3.7447781897e+06,-4.6268814794e+07,-1.1659897573e+01
5.6327606217e+06,4.6376251997e+06,-3.4603705026e+07,-9.3271582650e+00
6.2626992996e+06,3.6631722050e+06,-3.4168111249e+07,-1.1133586683e+01
-8.8631234652e+06,-8.8664907116e+06,-8.4509851536e+05,1.2188777568e+00
-9.5565000000e+06,-8.5505526316e+06,0.0000000000e+00,1.7767047250e+00
-9.5565000000e+06,-9.5565000000e+06,0.0000000000e+00,-8.4440903988e-06
-8.5505526316e+06,-9.5565000000e+06,0.0000000000e+00,-5.8012100970e-05
-8.6742663432e+06,-7.9879922260e+06,-2.4442204364e+06,2.7714597325e+00
-9.5565000000e+06,-7.5446052632e+06,0.0000000000e+00,3.5516290189e+00
-7.9777983510e+06,-8.6809087006e+06,-2.4415716335e+06,1.5459938894e+00
-7.9124327131e+06,-7.9093822075e+06,-4.7848500369e+06,2.9121446963e+00
-7.5446052632e+06,-9.5565000000e+06,0.0000000000e+00,-1.4848929271e-04
-7.3757997279e+06,-8.1233827455e+06,-5.5212890977e+06,2.5297704233e+00
-7.3984880036e+06,-7.3733171903e+06,-8.3305210777e+06,3.8687333560e+00
-8.1280792519e+06,-7.3699694204e+06,-5.5178575246e+06,3.8698052394e+00
-8.7587173190e+06,-7.0055339749e+06,-3.5910369265e+06,4.5050905079e+00
-9.5565000000e+06,-6.5386578947e+06,0.0000000000e+00,5.3150635881e+00
-7.0096282771e+06,-8.7575885779e+06,-3.5903824896e+06,1.4029054352e+00
-6.5386578947e+06,-9.5565000000e+06,0.0000000000e+00,-3.7419597639e-04
-6.5840535703e+06,-7.8750789951e+06,-8.8271488521e+06,2.9543162097e+00
-6.7414443017e+06,-7.0606107604e+06,-1.2438242145e+07,4.4313734541e+00
-7.1511144791e+06,-6.7011747052e+06,-1.2156241465e+07,5.0861792293e+00
-7.8964919812e+06,-6.5736214981e+06,-8.7445972646e+06,5.2924837487e+00
-8.7417559231e+06,-6.0164986549e+06,-5.0711167772e+06,6.2357420010e+00
-9.5565000000e+06,-5.5327105263e+06,0.0000000000e+00,7.0423973264e+00
-6.0368548552e+06,-8.7531610261e+06,-4.9717820964e+06,1.3845690196e+00
-5.5327105263e+06,-9.5565000000e+06,0.0000000000e+00,-6.2216221795e-04
-5.5312237312e+06,-7.9461593668e+06,-1.1396918036e+07,2.7537027874e+00
-5.9775429133e+06,-7.0733365419e+06,-1.5731425551e+07,4.3753021730e+00
-6.5496833310e+06,-6.4683053961e+06,-1.6468632948e+07,5.5260042913e+00
-7.1824889229e+06,-6.0367504344e+06,-1.4784045257e+07,6.3027525883e+00
-7.8273847091e+06,-5.4670877336e+06,-1.2435686893e+07,7.2666139169e+00
-8.7367165021e+06,-5.0114687544e+06,-6.4932085933e+06,7.9460201113e+00
-9.5565000000e+06,-4.5267631579e+06,0.0000000000e+00,8.6871970890e+00
-5.0304914995e+06,-8.7858543602e+06,-6.0788032981e+06,1.2677904887e+00
-4.5267631579e+06,-9.5565000000e+06,0.0000000000e+00,-1.0989116881e-03
-4.5795440513e+06,-8.0220620366e+06,-1.3286721705e+07,2.4748762361e+00
-4.9788554978e+06,-7.1674632407e+06,-1.9264740150e+07,4.0616379500e+00
-5.4294043409e+06,-6.5490448438e+06,-2.2033725072e+07,5.3106147219e+00
-5.9531360176e+06,-6.2485818967e+06,-2.1193595683e+07,5.9383004774e+00
-6.4466835446e+06,-5.8144917285e+06,-2.0673351111e+07,6.7735521387e+00
-6.9689310773e+06,-5.3205620473e+06,-1.9382305022e+07,7.6548977052e+00
-7.9577270227e+06,-4.5222379313e+06,-1.3999026287e+07,8.8779145767e+00
-7.3075815347e+06,-4.7884748147e+06,-1.8830648106e+07,8.5669214512e+00
-8.7208254892e+06,-4.0081909899e+06,-7.9410133288e+06,9.5485268547e+00
-9.5565000000e+06,-3.5208157895e+06,0.0000000000e+00,1.0182120754e+01
-4.0451592371e+06,-8.7839059669e+06,-7.2961590640e+06,1.1587192017e+00
-3.5208157895e+06,-9.5565000000e+06,0.0000000000e+00,-7.2836483549e-04
-5.3930889182e+06,-6.0612156338e+06,-2.5939688444e+07,6.2723231328e+00
-4.2178731082e+06,-7.3995413929e+06,-2.0052827742e+07,3.4332614621e+00
-3.6189190741e+06,-7.9549006035e+06,-1.6240754231e+07,2.3118615789e+00
-4.7946668618e+06,-6.3435383331e+06,-2.7174827809e+07,5.6010868660e+00
-4.2926288217e+06,-6.8118596890e+06,-2.5391805189e+07,4.5190343017e+00
-5.7759991907e+06,-5.5210983777e+06,-2.7244469569e+07,7.4010096939e+00
-6.2869981150e+06,-5.1751501169e+06,-2.5482863701e+07,8.0459333445e+00
-7.8791200944e+06,-3.5038277355e+06,-1.7301655210e+07,1.0538976329e+01
-6.6042935081e+06,-4.5571235553e+06,-2.6087169464e+07,9.2018136739e+00
-7.1757356241e+06,-4.0751790887e+06,-2.2741784248e+07,9.8807023213e+00
-8.8084337709e+06,-2.9944486934e+06,-8.1509589081e+06,1.0953996964e+01
-9.5565000000e+06,-2.5148684211e+06,0.0000000000e+00,1.1429674044e+01
-8.0268271935e+06,-2.6460127495e+06,-1.7453885787e+07,1.1668406534e+01
-2.9947941325e+06,-8.8270986342e+06,-7.9462503825e+06,9.1343197494e-01
-2.5148684211e+06,-9.5565000000e+06,0.0000000000e+00,-7.0997507418e-04
-2.6914800230e+06,-8.0359194067e+06,-1.7266411857e+07,1.7986493162e+00
-3.6194180958e+06,-7.0414213947e+06,-2.5855325261e+07,3.7976259766e+00
-3.0260133176e+06,-7.4124971695e+06,-2.3691776167e+07,2.8455076702e+00
-7.0999784231e+06,-3.3746320136e+06,-2.6114223637e+07,1.1132759786e+01
-7.4483051978e+06,-2.9258898767e+06,-2.3557631028e+07,1.1613245423e+01
-9.5565000000e+06,-1.5089210526e+06,0.0000000000e+00,1.2333400126e+01
-8.6078119315e+06,-1.9107582136e+06,-1.1459404188e+07,1.2200067781e+01
-8.7347741908e+06,-9.4770206517e+05,-1.0446135175e+07,1.2815970581e+01
-9.5565000000e+06,-5.0297368421e+05,0.0000000000e+00,1.2812748196e+01
-7.7970713577e+06,-1.9587067168e+06,-2.1431743727e+07,1.2580351332e+01
-7.4328528319e+06,-2.3569292625e+06,-2.5195953325e+07,1.2412699306e+01
-2.4448591262e+06,-7.4023353191e+06,-2.5361554283e+07,2.4667066660e+00
-1.5089210526e+06,-9.5565000000e+06,0.0000000000e+00,4.2655766351e-03
-1.9209164697e+06,-8.6124886457e+06,-1.1393878675e+07,8.3815435540e-01
-2.0031809455e+06,-7.7896058752e+06,-2.1451732666e+07,1.6775429165e+00
-9.6214172986e+05,-8.7220105006e+06,-1.0604140405e+07,3.8935360878e-01
-5.0297368421e+05,-9.5565000000e+06,0.0000000000e+00,-2.3185537093e-04
-9.5565000000e+06,5.0297368421e+05,0.0000000000e+00,1.2811335279e+01
-8.6410359368e+06,1.2815038457e+04,-1.1849558051e+07,1.3078605824e+01
-7.8977058766e+06,-1.2463006141e+06,-2.1085324110e+07,1.3132253616e+01
-8.0645525418e+06,-5.5046750113e+05,-1.9366791905e+07,1.3336727028e+01
-1.2717062817e+06,-7.8908423402e+06,-2.1148944888e+07,1.0516529530e+00
-5.6230863772e+05,-8.0675136981e+06,-1.9322248815e+07,4.1616008928e-01
5.0297368421e+05,-9.5565000000e+06,0.0000000000e+00,-1.0547362015e-03
-8.1818772850e+03,-8.6505706838e+06,-1.1724938190e+07,3.3770757795e-03
-7.8420694023e+06,-5.0008336989e+03,-2.2488810016e+07,1.3610496470e+01
-8.7136538196e+06,9.5234357363e+05,-1.0714966774e+07,1.2820414656e+01
-9.5565000000e+06,1.5089210526e+06,0.0000000000e+00,1.2332771712e+01
-8.0410886786e+06,5.4926843405e+05,-1.9680568619e+07,1.3352990003e+01
-8.6164665919e+06,1.9000846272e+06,-1.1362640218e+07,1.2205722100e+01
-9.5565000000e+06,2.5148684211e+06,0.0000000000e+00,1.1429523506e+01
7.0018218229e+03,-7.8608714753e+06,-2.2233277379e+07,-6.5795571020e-03
9.3542469628e+05,-8.7326799577e+06,-1.0477388764e+07,-3.7575993952e-01
1.5089210526e+06,-9.5565000000e+06,0.0000000000e+00,-5.6020596561e-03
5.5195773958e+05,-8.0806743948e+06,-1.9151123251e+07,-4.0421293487e-01
2.5148684211e+06,-9.5565000000e+06,0.0000000000e+00,-1.0488997098e-03
1.8916181399e+06,-8.6597319581e+06,-1.0841690806e+07,-7.8597483258e-01
-7.8712654910e+06,1.2361049724e+06,-2.1443399815e+07,1.3159877184e+01
-7.7823170323e+06,1.9763610877e+06,-2.1588242071e+07,1.2573807013e+01
-8.8054069513e+06,2.9587899240e+06,-8.2175083614e+06,1.1001269499e+01
-9.5565000000e+06,3.5208157895e+06,0.0000000000e+00,1.0183449244e+01
-8.0317382831e+06,2.6480389462e+06,-1.7392952852e+07,1.1663944997e+01
-8.7638308104e+06,4.0202315307e+06,-7.5161965663e+06,9.5243558339e+00
-9.5565000000e+06,4.5267631579e+06,0.0000000000e+00,8.6878442624e+00
-8.7427791580e+06,5.0242536935e+06,-6.4279459265e+06,7.9248043885e+00
-9.5565000000e+06,5.5327105263e+06,0.0000000000e+00,7.0423060111e+00
-8.7256332675e+06,6.0003620314e+06,-5.1947291929e+06,6.2640058550e+00
-9.5565000000e+06,6.5386578947e+06,0.0000000000e+00,5.3149349261e+00
-8.7615839854e+06,6.9657991051e+06,-3.6335667587e+06,4.5750602089e+00
-9.5565000000e+06,7.5446052632e+06,0.0000000000e+00,3.5516945092e+00
1.2625089304e+06,-7.9097498632e+06,-2.0910534368e+07,-1.0311571125e+00
1.9704361624e+06,-7.8236879611e+06,-2.1077817980e+07,-1.6190931894e+00
2.9737968880e+06,-8.8314687881e+06,-7.9175470550e+06,-9.0464523710e-01
3.5208157895e+06,-9.5565000000e+06,0.0000000000e+00,1.8485221193e-04
2.6253094086e+06,-8.0842840765e+06,-1.6819653312e+07,-1.7073942952e+00
4.0286672566e+06,-8.8056221311e+06,-7.1089951377e+06,-1.1239914876e+00
4.5267631579e+06,-9.5565000000e+06,0.0000000000e+00,7.9187385147e-04
5.0259556790e+06,-8.7927943710e+06,-6.0295928622e+06,-1.2562370659e+00
5.5327105263e+06,-9.5565000000e+06,0.0000000000e+00,4.5204445679e-04
6.0104861512e+06,-8.7792972863e+06,-4.8450686381e+06,-1.3386435160e+00
6.5386578947e+06,-9.5565000000e+06,0.0000000000e+00,1.9560688057e-04
6.9768564589e+06,-8.8076445073e+06,-3.4083091387e+06,-1.3144009476e+00
7.5446052632e+06,-9.5565000000e+06,0.0000000000e+00,6.3744909246e-05
-7.3916530465e+06,2.4377097484e+06,-2.5510912534e+07,1.2339143373e+01
-7.9460690714e+06,3.5754297512e+06,-1.6432764475e+07,1.0406069065e+01
-7.4067775265e+06,3.0048030533e+06,-2.3817922129e+07,1.1521385589e+01
-7.9717148269e+06,4.5200783072e+06,-1.3880262214e+07,8.8804604586e+00
-7.3611822093e+06,4.2012633520e+06,-2.0477669664e+07,9.5974575097e+00
-7.8036471221e+06,5.5338044092e+06,-1.2407931893e+07,7.1519310998e+00
-7.9412413031e+06,6.4958546299e+06,-8.7281715241e+06,5.4300610145e+00
-7.2479684402e+06,6.1779735309e+06,-1.3797930853e+07,6.0398112265e+00
-7.9872404684e+06,7.2683419108e+06,-6.3445442924e+06,4.0515942935e+00
-8.6402383242e+06,8.0428913481e+06,-2.4497108281e+06,2.6745422343e+00
-9.5565000000e+06,8.5505526316e+06,0.0000000000e+00,1.7766965583e+00
-8.8650660247e+06,8.9069251992e+06,-7.9335072726e+05,1.1474672637e+00
-9.5565000000e+06,9.5565000000e+06,0.0000000000e+00,-6.8783545338e-06
2.3818450811e+06,-7.4429687740e+06,-2.5012121175e+07,-2.3639403057e+00
3.5786333614e+06,-8.0644040416e+06,-1.5197340991e+07,-2.1323072734e+00
2.9859807324e+06,-7.4766211830e+06,-2.3065983730e+07,-2.7264385413e+00
4.5729565164e+06,-8.0260832206e+06,-1.3267512992e+07,-2.4659939990e+00
5.4840775901e+06,-8.0327566518e+06,-1.0901608397e+07,-2.5970248523e+00
4.1890873009e+06,-7.4395078672e+06,-1.9768134836e+07,-3.3535931431e+00
6.4981227226e+06,-7.9289943898e+06,-8.7881753362e+06,-2.8549936748e+00
7.3268358032e+06,-8.1460381217e+06,-5.5557580257e+06,-2.4891824819e+00
8.5505526316e+06,-9.5565000000e+06,0.0000000000e+00,4.9696019028e-05
7.9562496425e+06,-8.7020951729e+06,-2.4149744938e+06,-1.5084845387e+00
7.8764239739e+06,-7.9175816046e+06,-4.8653618145e+06,-2.8975512494e+00
8.8599856588e+06,-8.8706647631e+06,-8.4378846986e+05,-1.2115118937e+00
9.5565000000e+06,-9.5565000000e+06,0.0000000000e+00,8.5337633223e-06
-7.0421560978e+06,3.6138521010e+06,-2.5868481187e+07,1.0759346297e+01
-7.1950151356e+06,4.8140555780e+06,-1.9694878877e+07,8.5491297777e+00
-6.8326498949e+06,4.2862911035e+06,-2.5220169434e+07,9.6307348018e+00
-6.8755596656e+06,5.5253284976e+06,-1.9138727070e+07,7.2831995264e+00
-6.5115864490e+06,6.3044352786e+06,-1.7571216648e+07,5.8335832803e+00
-7.1249206526e+06,7.0282661361e+06,-1.0878137944e+07,4.4917063148e+00
-7.5498531276e+06,7.9822188353e+06,-5.5821334300e+06,2.7821349713e+00
-8.0215391678e+06,8.8281820161e+06,-1.9745385535e+06,1.2858698827e+00
-8.5505526316e+06,9.5565000000e+06,0.0000000000e+00,-2.1001678597e-05
3.5911946988e+06,-7.1224105996e+06,-2.5089706459e+07,-3.6421523090e+00
4.2273250348e+06,-6.8606509612e+06,-2.5210981009e+07,-4.4037616583e+00
5.8623307082e+06,-7.3247883637e+06,-1.4569911760e+07,-3.9039485343e+00
4.9753268929e+06,-7.1239905130e+06,-1.9638011377e+07,-4.1397994275e+00
6.4997576977e+06,-7.0385823264e+06,-1.3628657489e+07,-4.4651678391e+00
7.3265588313e+06,-7.3738945512e+06,-8.6064931807e+06,-3.8677863606e+00
7.0733472169e+06,-6.6400619788e+06,-1.2821126031e+07,-5.1993509587e+00
8.1064360545e+06,-7.3719449529e+06,-5.5965671610e+06,-3.8665671725e+00
8.6660505978e+06,-7.9939453551e+06,-2.4576325012e+06,-2.7609639342e+00
9.5565000000e+06,-8.5505526316e+06,0.0000000000e+00,-1.7767016909e+00
-6.3374500266e+06,4.8044604703e+06,-2.7173393629e+07,8.7875931822e+00
-6.1136928618e+06,5.5606244250e+06,-2.4504485701e+07,7.2933166323e+00
-5.8046449811e+06,6.3282389327e+06,-2.1533016456e+07,5.7756328608e+00
-6.1086429378e+06,7.0589168666e+06,-1.5246673614e+07,4.4106248775e+00
-6.5279118417e+06,7.9101219005e+06,-8.8045300070e+06,2.8906299146e+00
-7.0388403468e+06,8.7706173928e+06,-3.4914418580e+06,1.3804761959e+00
-7.5446052632e+06,9.5565000000e+06,0.0000000000e+00,-1.6246100781e-04
4.5691519099e+06,-6.4287428550e+06,-2.7641895586e+07,-5.3629867816e+00
5.7649643156e+06,-6.5687356065e+06,-2.0110262902e+07,-5.3081461128e+00
5.1166987206e+06,-6.3210741319e+06,-2.5543063737e+07,-5.7086476911e+00
6.5063602541e+06,-6.3320197070e+06,-1.7451298179e+07,-5.7842092471e+00
6.0608523761e+06,-5.9404578949e+06,-2.2497064076e+07,-6.5447401909e+00
7.2115015289e+06,-5.8924664638e+06,-1.5195400433e+07,-6.5660942723e+00
7.9049883505e+06,-6.5740584846e+06,-8.6983595700e+06,-5.2914289401e+00
8.7560941658e+06,-7.0107706395e+06,-3.5954958534e+06,-4.4959382610e+00
9.5565000000e+06,-7.5446052632e+06,0.0000000000e+00,-3.5516296487e+00
-5.4388457319e+06,5.7355327730e+06,-2.8115804924e+07,6.9535453854e+00
-5.2986881863e+06,6.9106773112e+06,-1.9929139873e+07,4.6002435558e+00
-5.1590650872e+06,6.2423857834e+06,-2.5936789011e+07,5.8739326316e+00
-5.3964975992e+06,7.7645493759e+06,-1.3108669727e+07,3.0586093153e+00
-4.7713715657e+06,7.2583559901e+06,-1.9318638832e+07,3.8484672635e+00
-6.0035924850e+06,8.7162280684e+06,-5.2490525063e+06,1.4476713354e+00
-6.5386578947e+06,9.5565000000e+06,0.0000000000e+00,-4.4917004897e-04
5.4470338636e+06,-5.8054988270e+06,-2.7530472142e+07,-6.8062636707e+00
6.5909577224e+06,-5.5786624172e+06,-2.0937119077e+07,-7.2172442238e+00
5.9949457250e+06,-5.4173729170e+06,-2.6290590571e+07,-7.5936678811e+00
7.1673719315e+06,-4.9761467136e+06,-1.9276332716e+07,-8.2591310652e+00
7.9673227740e+06,-5.5111457343e+06,-1.1300406316e+07,-7.1730531789e+00
8.7510875795e+06,-6.0324231739e+06,-4.9908263311e+06,-6.2084038771e+00
9.5565000000e+06,-6.5386578947e+06,0.0000000000e+00,-5.3150812252e+00
-4.5753948042e+06,6.5523055769e+06,-2.6472199076e+07,5.1206651476e+00
-4.0936838862e+06,7.1570431222e+06,-2.2856273373e+07,3.8088366800e+00
-4.4925933524e+06,7.9072045645e+06,-1.4526500609e+07,2.6488956847e+00
-4.9912436353e+06,8.7051085108e+06,-6.7726041406e+06,1.3984653240e+00
-5.5327105263e+06,9.5565000000e+06,0.0000000000e+00,-5.4092591125e-04
6.2967972893e+06,-4.8573218065e+06,-2.7229504808e+07,-8.6911492174e+00
6.7820322332e+06,-4.3056404532e+06,-2.5619563837e+07,-9.6133240204e+00
7.3729170287e+06,-4.2097440491e+06,-2.0335600216e+07,-9.5782811139e+00
8.0038670515e+06,-4.5645838324e+06,-1.3483723182e+07,-8.7994922972e+00
8.7651202023e+06,-5.0271957376e+06,-6.2471536445e+06,-7.9180186064e+00
9.5565000000e+06,-5.5327105263e+06,0.0000000000e+00,-7.0426199408e+00
-3.3590387078e+06,7.0843455315e+06,-2.6344163470e+07,3.5740861726e+00
-2.8999809779e+06,7.4103861697e+06,-2.4070616454e+07,2.7707771760e+00
-3.4665029601e+06,7.8693464976e+06,-1.7493921635e+07,2.3836672887e+00
-3.9953046910e+06,8.7296690563e+06,-7.8725906876e+06,1.2338613707e+00
-4.5267631579e+06,9.5565000000e+06,0.0000000000e+00,-4.8330629689e-04
7.0140289350e+06,-3.6181463025e+06,-2.6154936210e+07,-1.0767759219e+01
7.8990207575e+06,-3.5870322498e+06,-1.6895036912e+07,-1.0404906131e+01
7.3761148982e+06,-3.0152593092e+06,-2.4141341902e+07,-1.1524869253e+01
8.7655617970e+06,-4.0310907942e+06,-7.4869505579e+06,-9.5071294079e+00
9.5565000000e+06,-4.5267631579e+06,0.0000000000e+00,-8.6879497266e+00
-2.3567598349e+06,7.4060386735e+06,-2.5529365353e+07,2.3914804636e+00
-2.6240747412e+06,7.9930870302e+06,-1.7887809758e+07,1.8180136139e+00
-1.9636928826e+06,7.7754245720e+06,-2.1696174035e+07,1.6642148129e+00
-2.9739015175e+06,8.7833574252e+06,-8.4455046018e+06,9.6534551970e-01
-3.5208157895e+06,9.5565000000e+06,0.0000000000e+00,1.8370070399e-04
7.3727305801e+06,-2.4463369140e+06,-2.5722761391e+07,-1.2342339941e+01
7.9873599216e+06,-2.6809981760e+06,-1.7849944823e+07,-1.1644514684e+01
7.7541906593e+06,-2.0032546686e+06,-2.1896495271e+07,-1.2567010610e+01
8.7732956340e+06,-2.9894033121e+06,-8.5409815891e+06,-1.0968671176e+01
9.5565000000e+06,-3.5208157895e+06,0.0000000000e+00,-1.0182423766e+01
-1.2482062029e+06,7.8753410662e+06,-2.1377126215e+07,1.0435547976e+00
-1.9003434946e+06,8.5837165559e+06,-1.1762345695e+07,8.5653450432e-01
-2.5148684211e+06,9.5565000000e+06,0.0000000000e+00,2.3664541764e-04
7.8679407559e+06,-1.2792057448e+06,-2.1441509089e+07,-1.3133197230e+01
8.5562988866e+06,-1.9356375657e+06,-1.2066188414e+07,-1.2196036564e+01
9.5565000000e+06,-2.5148684211e+06,0.0000000000e+00,-1.1426300986e+01
-5.6218211066e+05,8.0518412747e+06,-1.9531520567e+07,4.1978023759e-01
2.8450019908e+03,7.8421553701e+06,-2.2487876253e+07,-2.4809941605e-03
-9.4346993703e+05,8.7204954085e+06,-1.0631044254e+07,3.8421080915e-01
-1.5089210526e+06,9.5565000000e+06,0.0000000000e+00,5.8439694860e-03
8.0525173854e+06,-5.7915458038e+05,-1.9515176140e+07,-1.3336612191e+01
7.8455389158e+06,-9.3719479949e+03,-2.2441749811e+07,-1.3608653919e+01
8.7046629210e+06,-9.7055274352e+05,-1.0823400697e+07,-1.2816101097e+01
9.5565000000e+06,-1.5089210526e+06,0.0000000000e+00,-1.2330730104e+01
5.4367299452e+05,8.0231417617e+06,-1.9922868066e+07,-4.1506789009e-01
1.7544166650e+04,8.5991550045e+06,-1.2397973007e+07,-6.0935288083e-03
-5.0297368421e+05,9.5565000000e+06,0.0000000000e+00,5.7784705983e-04
8.0664770769e+06,5.3714014530e+05,-1.9346598980e+07,-1.3338912017e+01
8.6382204980e+06,-1.7423833448e+04,-1.1886507608e+07,-1.3080234644e+01
9.5565000000e+06,-5.0297368421e+05,0.0000000000e+00,-1.2811296166e+01
2.3941872610e+06,7.3357689229e+06,-2.6311254407e+07,-2.5131816141e+00
1.1966988647e+06,7.8338307541e+06,-2.1977380209e+07,-1.0295691901e+00
1.9547147965e+06,7.7435109278e+06,-2.2113801618e+07,-1.6904060308e+00
9.2249623424e+05,8.6372667252e+06,-1.1708123045e+07,-4.1518691492e-01
5.0297368421e+05,9.5565000000e+06,0.0000000000e+00,-1.1796493809e-03
7.4183413543e+06,2.3283862214e+06,-2.5443595393e+07,-1.2460583456e+01
7.8934935044e+06,1.2399832456e+06,-2.1147019833e+07,-1.3140028046e+01
7.7861617672e+06,1.9485193267e+06,-2.1585851087e+07,-1.2598632866e+01
8.7183092577e+06,9.2199042518e+05,-1.0667024727e+07,-1.2834032511e+01
9.5565000000e+06,5.0297368421e+05,0.0000000000e+00,-1.2811475161e+01
3.5933202480e+06,7.0150924876e+06,-2.6238697502e+07,-3.8292358256e+00
2.9817519658e+06,7.3759527561e+06,-2.4240011026e+07,-2.8728059004e+00
2.6255289322e+06,8.0043699347e+06,-1.7753154253e+07,-1.8045644010e+00
1.8696659323e+06,8.5906840179e+06,-1.1703364460e+07,-8.4024092568e-01
1.5089210526e+06,9.5565000000e+06,0.0000000000e+00,-6.6302430472e-03
7.4158221542e+06,2.8852419660e+06,-2.4047836776e+07,-1.1692914141e+01
7.0785191133e+06,3.3446509648e+06,-2.6460688266e+07,-1.1196728799e+01
8.0011260570e+06,2.6101957116e+06,-1.7818859843e+07,-1.1726823527e+01
8.6069447766e+06,1.8898069086e+06,-1.1487551750e+07,-1.2218737310e+01
9.5565000000e+06,1.5089210526e+06,0.0000000000e+00,-1.2333148662e+01
4.7792056612e+06,6.3212323376e+06,-2.7458354874e+07,-5.6414713614e+00
5.3750324716e+06,6.0226846023e+06,-2.6348867296e+07,-6.3487724208e+00
4.2785904718e+06,6.7862184370e+06,-2.5702938576e+07,-4.5619255279e+00
4.1883393512e+06,7.3591140716e+06,-2.0542757834e+07,-3.4932954417e+00
3.5735968571e+06,7.9233149855e+06,-1.6673871541e+07,-2.3433233278e+00
2.9155704701e+06,8.7501161287e+06,-8.8690504336e+06,-9.9324159991e-01
2.5148684211e+06,9.5565000000e+06,0.0000000000e+00,-2.8271840800e-03
5.7637168546e+06,5.4711605750e+06,-2.7679685233e+07,-7.5061723287e+00
6.3133808047e+06,5.1652996226e+06,-2.5327129230e+07,-8.0613747285e+00
6.6129704058e+06,4.5503830236e+06,-2.6040897392e+07,-9.2114098479e+00
7.1527983827e+06,4.0587177519e+06,-2.3031341920e+07,-9.9191141943e+00
7.8535797756e+06,3.4355522847e+06,-1.7735181041e+07,-1.0653049562e+01
8.7114166613e+06,2.9311879327e+06,-9.2809595346e+06,-1.1055209263e+01
9.5565000000e+06,2.5148684211e+06,0.0000000000e+00,-1.1427115150e+01
5.9414319541e+06,6.2227169092e+06,-2.1432230649e+07,-5.9882344839e+00
5.4090872625e+06,6.5120331610e+06,-2.2421147928e+07,-5.3799904175e+00
4.9511468475e+06,7.1315587165e+06,-1.9675483520e+07,-4.1218014278e+00
4.5360446081e+06,7.9719893205e+06,-1.3837107027e+07,-2.5496442492e+00
4.0031837528e+06,8.7506527057e+06,-7.6623367454e+06,-1.2040505250e+00
3.5208157895e+06,9.5565000000e+06,0.0000000000e+00,-6.7384529967e-04
6.4385798143e+06,5.7780909265e+06,-2.0930718588e+07,-6.8443776893e+00
6.5402927967e+06,6.4552292487e+06,-1.6591016360e+07,-5.5505299920e+00
6.9619876629e+06,5.3007507664e+06,-1.9524735442e+07,-7.6933899670e+00
7.3091899498e+06,4.7695720857e+06,-1.8887881314e+07,-8.6012820695e+00
7.9797562140e+06,4.4750914659e+06,-1.3922657684e+07,-8.9519122704e+00
8.7318068368e+06,3.9784015098e+06,-7.8731457126e+06,-9.5915589568e+00
9.5565000000e+06,3.5208157895e+06,0.0000000000e+00,-1.0180788218e+01
5.9593114943e+06,7.0531955524e+06,-1.5941149043e+07,-4.4113146551e+00
5.5074490834e+06,7.9171281352e+06,-1.1670915013e+07,-2.8024904740e+00
4.9953512328e+06,8.7482969559e+06,-6.4226605955e+06,-1.3273349870e+00
4.5267631579e+06,9.5565000000e+06,0.0000000000e+00,5.4878885776e-04
6.7382893221e+06,7.0522306496e+06,-1.2494298379e+07,-4.4466675807e+00
7.1673779172e+06,6.0231081773e+06,-1.4936657836e+07,-6.3288986101e+00
7.1395777896e+06,6.6865910942e+06,-1.2277417539e+07,-5.1130123439e+00
7.8182366048e+06,5.4478272891e+06,-1.2559365221e+07,-7.3020810663e+00
8.7261756411e+06,4.9957037187e+06,-6.5985212084e+06,-7.9733730188e+00
9.5565000000e+06,4.5267631579e+06,0.0000000000e+00,-8.6873784006e+00
6.5802832168e+06,7.8625602100e+06,-8.9044162354e+06,-2.9766151225e+00
6.0226468313e+06,8.7352068291e+06,-5.1032418932e+06,-1.4152822049e+00
5.5327105263e+06,9.5565000000e+06,0.0000000000e+00,5.0913822147e-04
7.3872270158e+06,7.3617049697e+06,-8.4187277271e+06,-3.8895374321e+00
7.8689149674e+06,6.5571367607e+06,-8.9394332270e+06,-5.3229212476e+00
8.7142538810e+06,6.0134280487e+06,-5.2470928145e+06,-6.2422091143e+00
9.5565000000e+06,5.5327105263e+06,0.0000000000e+00,-7.0422959974e+00
7.3663812047e+06,8.1153844290e+06,-5.5761154787e+06,-2.5438632729e+00
7.0031138563e+06,8.7519176680e+06,-3.6251037983e+06,-1.4128293228e+00
6.5386578947e+06,9.5565000000e+06,0.0000000000e+00,3.7359211216e-04
8.1149792551e+06,7.3594623692e+06,-5.5952813792e+06,-3.8886101903e+00
7.9021633548e+06,7.8985692752e+06,-4.8463924667e+06,-2.9313343855e+00
8.7505249713e+06,6.9980305010e+06,-3.6385773827e+06,-4.5183531229e+00
9.5565000000e+06,6.5386578947e+06,0.0000000000e+00,-5.3149132209e+00
7.9782677257e+06,8.6722953059e+06,-2.4648676653e+06,-1.5612222228e+00
7.5446052632e+06,9.5565000000e+06,0.0000000000e+00,1.5199930937e-04
8.6660663711e+06,7.9818699798e+06,-2.4765734330e+06,-2.7822968270e+00
9.5565000000e+06,7.5446052632e+06,0.0000000000e+00,-3.5516170184e+00
8.8615773457e+06,8.8635435835e+06,-8.5060083155e+05,-1.2240839179e+00
8.5505526316e+06,9.5565000000e+06,0.0000000000e+00,6.0750413267e-05
9.5565000000e+06,8.5505526316e+06,0.0000000000e+00,-1.7767018908e+00
9.5565000000e+06,9.5565000000e+06,0.0000000000e+00,8.6207284965e-06
-3.6653799867e+06,-4.1838825573e+06,-5.7086078626e+07,7.9996305643e+00
-4.3064177164e+06,-3.6149230964e+06,-5.6320724096e+07,9.6589723856e+00
-2.9537007264e+06,-4.7209525332e+06,-5.6730788117e+07,6.2596288313e+00
-2.2039637216e+06,-5.0816208447e+06,-5.6673766240e+07,4.5618382359e+00
-4.7875394155e+06,-2.8444769208e+06,-5.6671715197e+07,1.1042499900e+01
-5.1425053294e+06,-2.0876394193e+06,-5.6457546543e+07,1.2110957970e+01
-1.3692819155e+06,-5.3789122257e+06,-5.6045410029e+07,2.7752490870e+00
-5.2593985722e+05,-5.5449789842e+06,-5.5478282751e+07,1.0525762882e+00
-5.3889477746e+06,-1.2531537731e+06,-5.6224869307e+07,1.2891184983e+01
-5.5425072834e+06,-4.0918755075e+05,-5.5620835826e+07,1.3369328885e+01
3.6577358907e+05,-5.5649084741e+06,-5.5354232236e+07,-7.3315411368e-01
-5.5232401965e+06,4.5666828480e+05,-5.5836693064e+07,1.3316309502e+01
-5.4015279620e+06,1.3452019000e+06,-5.5820333436e+07,1.2910537687e+01
1.2227733788e+06,-5.4100277473e+06,-5.6028549189e+07,-2.4734541291e+00
-5.0921221810e+06,2.1733023110e+06,-5.6687150555e+07,1.1964084926e+01
2.0744990938e+06,-5.1325743960e+06,-5.6634135471e+07,-4.2793356944e+00
-4.7101189558e+06,2.9313496879e+06,-5.6987664825e+07,1.0827874869e+01
2.8341325147e+06,-4.7038931677e+06,-5.7649317235e+07,-6.0043433688e+00
-4.1803765315e+06,3.6450631809e+06,-5.7280932134e+07,9.3519731899e+00
3.5520278499e+06,-4.1990398508e+06,-5.7835925722e+07,-7.7382918091e+00
-3.5513981402e+06,4.2419550422e+06,-5.7433989957e+07,7.7234838104e+00
4.1781816489e+06,-3.6101271259e+06,-5.7578111395e+07,-9.3575034365e+00
-2.8360547743e+06,4.7225507982e+06,-5.7435006491e+07,6.0028606011e+00
4.7073027184e+06,-2.9225948359e+06,-5.7072533447e+07,-1.0823157925e+01
-2.0479349083e+06,5.1473891759e+06,-5.6567661048e+07,4.2206602611e+00
5.0416588832e+06,-2.1954471571e+06,-5.7187630605e+07,-1.1831229900e+01
-1.2331658210e+06,5.3661956745e+06,-5.6568041681e+07,2.5007867929e+00
5.3477414196e+06,-1.3875082476e+06,-5.6393901693e+07,-1.2764784958e+01
-3.8735491593e+05,5.5249952721e+06,-5.5872191992e+07,7.7812609110e-01
4.6243707214e+05,5.4701237212e+06,-5.6535276022e+07,-9.2987539797e-01
5.4788783718e+06,-4.9890584870e+05,-5.6384573034e+07,-1.3197629600e+01
5.5057722253e+06,3.5249896536e+05,-5.6153838038e+07,-1.3275310177e+01
1.3223810906e+06,5.3623178815e+06,-5.6386664713e+07,-2.6827629970e+00
5.3788143098e+06,1.2038860880e+06,-5.6478215574e+07,-1.2871588267e+01
2.1332533443e+06,5.0718822211e+06,-5.7107537927e+07,-4.4154440717e+00
2.9343951186e+06,4.6713738227e+06,-5.7386557871e+07,-6.2310070032e+00
3.6128366132e+06,4.1481919475e+06,-5.7836354093e+07,-7.8913168732e+00
4.2512732934e+06,3.5238077288e+06,-5.7557304369e+07,-9.5563090490e+00
5.1240909403e+06,2.0326264653e+06,-5.6914184622e+07,-1.2076298087e+01
4.7539229852e+06,2.7996076449e+06,-5.7309340904e+07,-1.0971921736e+01
-2.9481395235e+06,-3.9458389411e+06,-6.4452165881e+07,6.4459792508e+00
-3.3909514026e+06,-3.3388958135e+06,-6.6333722754e+07,7.5939782657e+00
-4.0492461956e+06,-2.8607905008e+06,-6.4062646717e+07,9.2528745887e+00
-2.4031019659e+06,-3.1736876053e+06,-7.3947623201e+07,5.3610682757e+00
-2.1995073026e+06,-4.2210102159e+06,-6.6046230473e+07,4.7318249590e+00
-1.5908949083e+06,-4.6331015867e+06,-6.4231176246e+07,3.3502013112e+00
-4.2530161328e+06,-2.0980831179e+06,-6.6199060247e+07,9.9015659913e+00
-4.6897439299e+06,-1.4690044997e+06,-6.3999997242e+07,1.1084483231e+01
-3.2750124379e+06,-2.2723700834e+06,-7.3879281338e+07,7.5213554693e+00
-2.1859055809e+06,-2.0306362196e+06,-8.1864545987e+07,4.9996534254e+00
-1.4908517164e+06,-2.6392788095e+06,-8.1500579878e+07,3.3553778714e+00
-1.3873421030e+06,-1.7234577538e+06,-8.6449635305e+07,3.1762398482e+00
-1.3279908628e+06,-3.7618948442e+06,-7.3646120019e+07,2.8893776396e+00
-7.6404060886e+05,-4.6883927615e+06,-6.5665281389e+07,1.5999947600e+00
-8.3073074822e+04,-4.9443565061e+06,-6.3322882643e+07,1.7188046399e-01
-8.2896714709e+05,-2.1834897951e+06,-8.5781379630e+07,1.8798204239e+00
-3.7891780391e+06,-1.1664483990e+06,-7.3842972633e+07,8.8919456256e+00
-4.6936790085e+06,-7.2367501632e+05,-6.5669003216e+07,1.1172398501e+01
-4.9450058189e+06,3.1048989808e+04,-6.3321305818e+07,1.1836168286e+01
-2.7137346821e+06,-1.2262384675e+06,-8.1846624120e+07,6.3009013943e+00
-1.8450815844e+06,-1.1488033419e+06,-8.6640565916e+07,4.2630263172e+00
-3.0042450284e+06,-3.0088000391e+05,-8.1487972919e+07,7.0345106164e+00
-1.1063193514e+06,-9.5570938044e+05,-8.9623400086e+07,2.5526232660e+00
-5.7176400473e+05,-1.3996769902e+06,-8.9447796721e+07,1.3116563062e+00
-5.8204830561e+05,-2.9610022305e+06,-8.1513557577e+07,1.2958342441e+00
-1.1916961357e+05,-3.9931083901e+06,-7.3429625626e+07,2.5587912753e-01
6.7565902065e+05,-4.6973273567e+06,-6.5698524654e+07,-1.4150393708e+00
1.4333138816e+06,-4.6931811812e+06,-6.4070542814e+07,-3.0086161648e+00
-1.1237165067e+05,-2.1936662785e+06,-8.6493714184e+07,2.5438208773e-01
-3.9732610526e+06,7.6995513059e+04,-7.3625493236e+07,9.3961973876e+00
-4.6943748063e+06,7.5671646260e+05,-6.5610093392e+07,1.1171693971e+01
-4.6550946224e+06,1.5659928329e+06,-6.4072997336e+07,1.0983300238e+01
-2.1722372327e+06,-4.3173992192e+05,-8.6405801705e+07,5.0530140745e+00
-1.5049505565e+06,-5.2503830823e+05,-8.9152400976e+07,3.4869643147e+00
-2.9553835283e+06,6.5816222110e+05,-8.1447331295e+07,6.9065961278e+00
-2.3548439448e+06,2.0538677614e+05,-8.5606529780e+07,5.4877135702e+00
-9.2626035537e+05,-2.3696190694e+05,-9.1033569009e+07,2.1438811441e+00
-4.4275498664e+05,-6.4414607515e+05,-9.1384658029e+07,1.0223607773e+00
-1.6124115064e+04,-9.7451662652e+05,-9.0991758970e+07,3.7469053833e-02
2.0237214271e+05,-1.4891514523e+06,-8.9476001968e+07,-4.6368260946e-01
3.8836996544e+05,-2.9930760498e+06,-8.1499274137e+07,-8.6413029877e-01
1.1051102058e+06,-3.8430934337e+06,-7.3511238056e+07,-2.3966867350e+00
2.0309510239e+06,-4.2178120474e+06,-6.6843938437e+07,-4.3646801243e+00
7.1780744526e+05,-2.1356011529e+06,-8.6216446904e+07,-1.6284925451e+00
-3.7328119145e+06,1.2857365635e+06,-7.4021597406e+07,8.7419738306e+00
-4.2157357197e+06,2.1853651872e+06,-6.6164618998e+07,9.7939837151e+00
-3.9477291499e+06,2.9417902016e+06,-6.4476032082e+07,8.9916498866e+00
-2.6210724757e+06,1.5733108222e+06,-8.1326780102e+07,6.0548455326e+00
-1.5683433062e+06,1.9535450759e+05,-8.9198348233e+07,3.6387030866e+00
-2.0719487882e+06,8.6325324869e+05,-8.6266203755e+07,4.8045300057e+00
-8.4588381604e+05,3.6974802318e+05,-9.1105527423e+07,1.9564804640e+00
-1.8159350602e+06,1.5425845173e+06,-8.5552657154e+07,4.1752934936e+00
-1.3471960760e+05,1.2417886306e+05,-9.2051950462e+07,3.1148623600e-01
1.4691315535e+05,-5.2247151543e+05,-9.1750174316e+07,-3.3934453794e-01
5.4632718170e+05,-8.6595882992e+05,-9.0879301236e+07,-1.2596851150e+00
9.1822694308e+05,-1.3760807880e+06,-8.8931162941e+07,-2.1085685109e+00
1.3234704377e+06,-2.8312643514e+06,-8.0812355258e+07,-2.9625403983e+00
1.9968891403e+06,-3.4362968213e+06,-7.3934872614e+07,-4.4087130457e+00
2.7130138241e+06,-3.8385365087e+06,-6.6861754837e+07,-5.9419279417e+00
1.5872347883e+06,-1.9300010838e+06,-8.4901706986e+07,-3.6247405089e+00
-3.1580317639e+06,2.4195415277e+06,-7.3972541626e+07,7.2213276071e+00
-3.3303586765e+06,3.3832361462e+06,-6.6455892449e+07,7.4432368385e+00
-2.8083757815e+06,3.9923981087e+06,-6.4908772440e+07,6.1222387211e+00
-1.9933636906e+06,2.2984159294e+06,-8.1457802272e+07,4.5294150373e+00
-1.1202949239e+06,1.0052051284e+06,-8.9475742621e+07,2.5834896449e+00
-4.7980088714e+05,7.6096352378e+05,-9.1155500747e+07,1.1072236741e+00
-1.1686714438e+06,1.8948269103e+06,-8.6373079729e+07,2.6662340470e+00
3.6749678954e+04,8.4383150416e+05,-9.1265543897e+07,-8.4940813412e-02
4.9952116878e+05,5.6255222293e+05,-9.1436704227e+07,-1.1536618245e+00
7.1655313004e+05,-1.5527519012e+05,-9.1469116217e+07,-1.6578678909e+00
1.0779554768e+06,-7.5372385733e+05,-9.0092463051e+07,-2.4908884101e+00
1.5933612560e+06,-1.1041556564e+06,-8.7754956832e+07,-3.6782486271e+00
2.1465709662e+06,-2.6493083018e+06,-7.8751569880e+07,-4.8452716792e+00
3.3541668636e+06,-3.3551882255e+06,-6.6489565448e+07,-7.5052021330e+00
2.6340707903e+06,-3.1907738127e+06,-7.2524720095e+07,-5.8842492018e+00
2.1095644111e+06,-1.4534620373e+06,-8.4530107090e+07,-4.8642025125e+00
2.3377303143e+06,-1.9668607193e+06,-8.1368241148e+07,-5.3584390143e+00
3.9267110357e+06,-2.9143690538e+06,-6.4840080015e+07,-8.9478857488e+00
-2.2651507202e+06,3.2689358439e+06,-7.3961330377e+07,5.0338330438e+00
-2.0988293347e+06,4.2462535243e+06,-6.6262633835e+07,4.5074553315e+00
-1.2075534821e+06,2.7845858529e+06,-8.1445323499e+07,2.7050939797e+00
-3.3494964729e+05,1.4618826722e+06,-8.9487703279e+07,7.6764258393e-01
-5.5058619555e+05,2.2797122658e+06,-8.5717171540e+07,1.2457532092e+00
5.8829789880e+05,1.3301471166e+06,-8.9645460435e+07,-1.3506759654e+00
1.2640267239e+06,6.3467018577e+05,-8.9778798693e+07,-2.9245029227e+00
1.6153088731e+06,-2.6714882225e+05,-8.8986954798e+07,-3.7479515226e+00
2.2518887001e+06,-8.4452122453e+05,-8.5399731520e+07,-5.2287563801e+00
3.1339876813e+06,-2.3770561872e+06,-7.4373126824e+07,-7.1720153731e+00
2.7776652785e+06,-1.4217908770e+06,-8.0858808376e+07,-6.4372407234e+00
4.1538104409e+06,-2.2134777773e+06,-6.6633087497e+07,-9.6377325457e+00
-1.4579665998e+06,4.7145212447e+06,-6.3758457137e+07,3.0574614525e+00
-1.1520612154e+06,3.7965413108e+06,-7.3813591574e+07,2.5027831662e+00
-2.6809232740e+05,2.9900419510e+06,-8.1608386286e+07,5.9747934693e-01
1.6615800074e+05,2.2001470429e+06,-8.6443608924e+07,-3.7626130834e-01
8.9262206105e+05,2.1747871144e+06,-8.5701145955e+07,-2.0248165991e+00
1.4274743163e+06,1.6518908048e+06,-8.6598364922e+07,-3.2719412785e+00
2.0285551077e+06,1.1711198516e+06,-8.5760198829e+07,-4.6903792765e+00
2.1932931350e+06,4.7243310704e+05,-8.6257237620e+07,-5.1014091244e+00
2.4293137372e+06,-1.9234299115e+05,-8.5197203698e+07,-5.6639131135e+00
3.0362096415e+06,-6.0028726259e+05,-8.0962168943e+07,-7.1028019300e+00
3.7685104692e+06,-1.3056224044e+06,-7.3651863493e+07,-8.8279119257e+00
4.6280120500e+06,-1.6065348312e+06,-6.4234088211e+07,-1.0909891718e+01
-6.8712623271e+05,4.6815052344e+06,-6.5858789895e+07,1.4400766137e+00
5.0957627816e+04,4.8969056202e+06,-6.3885998340e+07,-1.0556210837e-01
6.8860584878e+04,3.9441283395e+06,-7.3899447150e+07,-1.4741406985e-01
6.6881409008e+05,2.9646861615e+06,-8.1367159751e+07,-1.4882811047e+00
1.5475342850e+06,2.5681500788e+06,-8.1734702097e+07,-3.4892500095e+00
2.2835937812e+06,1.9618792455e+06,-8.1677089803e+07,-5.2327680471e+00
2.7838314392e+06,1.1469075051e+06,-8.1610018962e+07,-6.4724451163e+00
3.0498683365e+06,2.7780924655e+05,-8.1179353427e+07,-7.1443621685e+00
3.9887208215e+06,-1.0377577678e+05,-7.3474688811e+07,-9.4346448484e+00
4.6755741118e+06,-8.1248332958e+05,-6.5728007058e+07,-1.1120444590e+01
4.9067256140e+06,-8.2793069047e+04,-6.3766423907e+07,-1.1738263756e+01
7.4555937538e+05,4.6691358298e+06,-6.5908854622e+07,-1.5626400298e+00
1.3034414961e+06,3.7234301006e+06,-7.4053630098e+07,-2.8388269299e+00
2.4122561151e+06,3.1291517846e+06,-7.4219460189e+07,-5.3885482854e+00
3.2424442645e+06,2.2381608253e+06,-7.4294565488e+07,-7.4495194109e+00
3.8078720914e+06,1.1305664570e+06,-7.3765819430e+07,-8.9411988553e+00
4.6762854863e+06,6.6637992458e+05,-6.5946421205e+07,-1.1132554869e+01
1.5514341752e+06,4.6261396601e+06,-6.4437762492e+07,-3.2672841131e+00
2.1855784138e+06,4.1813116594e+06,-6.6499368075e+07,-4.7084682868e+00
2.9395713069e+06,3.9365066204e+06,-6.4591043617e+07,-6.4287617367e+00
3.3836292580e+06,3.2946239625e+06,-6.6717501720e+07,-7.5869643018e+00
3.9930056050e+06,2.7916523956e+06,-6.5005277253e+07,-9.1340145453e+00
4.2367952423e+06,2.0901643971e+06,-6.6394942780e+07,-9.8629567999e+00
4.6429912062e+06,1.4166281849e+06,-6.4674492527e+07,-1.0974581535e+01
